Year,S.No,STATE,DISTRICT,AER_Tot
2024-25,1,ANDAMAN AND NICOBAR ISLANDS,N & M ANDAMAN,14875.42
2024-25,2,ANDAMAN AND NICOBAR ISLANDS,NICOBAR,10224.69
2024-25,3,ANDAMAN AND NICOBAR ISLANDS,SOUTH ANDAMAN,9717.96
2024-25,4,ARUNACHAL PRADESH,ANJAW,0
2024-25,5,ARUNACHAL PRADESH,CHANGLANG,27096.75
2024-25,6,ARUNACHAL PRADESH,DIBANG VALLEY,0
2024-25,7,ARUNACHAL PRADESH,EAST KAMENG,15809.36
2024-25,8,ARUNACHAL PRADESH,EAST SIANG,71985
2024-25,9,ARUNACHAL PRADESH,KURUNG KUMEY,0
2024-25,10,ARUNACHAL PRADESH,LOHIT,109376.97
2024-25,11,ARUNACHAL PRADESH,LOWER DIBANG VALLEY,71662.94
2024-25,12,ARUNACHAL PRADESH,LOWER SUBANSIRI,4485.54
2024-25,13,ARUNACHAL PRADESH,PAPUM PARE,9593.23
2024-25,14,ARUNACHAL PRADESH,TAWANG,0
2024-25,15,ARUNACHAL PRADESH,TIRAP,7802.07
2024-25,16,ARUNACHAL PRADESH,UPPER SIANG,0
2024-25,17,ARUNACHAL PRADESH,UPPER SUBANSIRI,2429.81
2024-25,18,ARUNACHAL PRADESH,WEST KAMENG,3017.04
2024-25,19,ARUNACHAL PRADESH,WEST SIANG,5579.64
2024-25,20,ASSAM,BAKSA,124570.51
2024-25,21,ASSAM,BARPETA,84134.02
2024-25,22,ASSAM,BONGAIGAON,45184.03
2024-25,23,ASSAM,CACHAR,45780.28
2024-25,24,ASSAM,CHIRANG,82094.02
2024-25,25,ASSAM,DARRANG,49403.59
2024-25,26,ASSAM,DHEMAJI,90320.29
2024-25,27,ASSAM,DHUBRI,89765.61
2024-25,28,ASSAM,DIBRUGARH,118196.86
2024-25,29,ASSAM,DIMA HASAO,56590.29
2024-25,30,ASSAM,GOALPARA,53393.2
2024-25,31,ASSAM,GOLAGHAT,99320.89
2024-25,32,ASSAM,HAILAKANDI,23098.97
2024-25,33,ASSAM,JORHAT,64756.14
2024-25,34,ASSAM,KAMRUP,78093.38
2024-25,35,ASSAM,KAMRUP (M),15408.39
2024-25,36,ASSAM,KARBI ANGLONG,117755.33
2024-25,37,ASSAM,KARIMGANJ,35753.18
2024-25,38,ASSAM,KOKRAJHAR,145008.5
2024-25,39,ASSAM,LAKHIMPUR,73091.06
2024-25,40,ASSAM,MORIGAON,37438.5
2024-25,41,ASSAM,NAGAON,113614.14
2024-25,42,ASSAM,NALBARI,33836.29
2024-25,43,ASSAM,SIBSAGAR,88201.34
2024-25,44,ASSAM,SONITPUR,137144.56
2024-25,45,ASSAM,TINSUKIA,114753.5
2024-25,46,ASSAM,UDALGURI,47710.65
2024-25,47,BIHAR,ARARIA,141181.71
2024-25,48,BIHAR,ARWAL,19075.19
2024-25,49,BIHAR,AURANGABAD,118753.71
2024-25,50,BIHAR,BANKA,65462.86
2024-25,51,BIHAR,BEGUSARAI,50653.36
2024-25,52,BIHAR,BHAGALPUR,72112.64
2024-25,53,BIHAR,BHOJPUR,80491.84
2024-25,54,BIHAR,BUXAR,58367.22
2024-25,55,BIHAR,DARBHANGA,70422.18
2024-25,56,BIHAR,EAST CHAMPARAN,176663.17
2024-25,57,BIHAR,GAYA,121604.75
2024-25,58,BIHAR,GOPALGANJ,95682.65
2024-25,59,BIHAR,JAMUI,45012.36
2024-25,60,BIHAR,JEHANABAD,31147.61
2024-25,61,BIHAR,KAIMUR,74653.62
2024-25,62,BIHAR,KATIHAR,109422.24
2024-25,63,BIHAR,KHAGARIA,44158.22
2024-25,64,BIHAR,KISHANGANJ,62664.8
2024-25,65,BIHAR,LAKHISARAI,38763.27
2024-25,66,BIHAR,MADHEPURA,98038.44
2024-25,67,BIHAR,MADHUBANI,130736.8
2024-25,68,BIHAR,MUNGER,37833.57
2024-25,69,BIHAR,MUZAFFARPUR,111162.45
2024-25,70,BIHAR,NALANDA,62276.36
2024-25,71,BIHAR,NAWADA,65961.42
2024-25,72,BIHAR,PATNA,98029.81
2024-25,73,BIHAR,PURNEA,153922.23
2024-25,74,BIHAR,ROHTAS,114671.24
2024-25,75,BIHAR,SAHARSA,63348.59
2024-25,76,BIHAR,SAMASTIPUR,79958
2024-25,77,BIHAR,SARAN,100795.6
2024-25,78,BIHAR,SHEIKHPURA,16973.15
2024-25,79,BIHAR,SHEOHAR,16443.37
2024-25,80,BIHAR,SITAMARHI,65866.83
2024-25,81,BIHAR,SIWAN,96578.65
2024-25,82,BIHAR,SUPAUL,101447.59
2024-25,83,BIHAR,VAISHALI,72896.53
2024-25,84,BIHAR,WEST CHAMPARAN,168862.7
2024-25,85,CHANDIGARH,CHANDIGARH,4693.75
2024-25,86,CHHATTISGARH,BALOD,36617.22
2024-25,87,CHHATTISGARH,BALODA BAZAR,61336.95
2024-25,88,CHHATTISGARH,BALRAMPUR,48726.04
2024-25,89,CHHATTISGARH,BASTAR,25516.45
2024-25,90,CHHATTISGARH,BEMETARA,42803.84
2024-25,91,CHHATTISGARH,BIJAPUR,47068.97
2024-25,92,CHHATTISGARH,BILASPUR,46974.97
2024-25,93,CHHATTISGARH,DANTEWADA,25120.76
2024-25,94,CHHATTISGARH,DHAMTARI,62313.17
2024-25,95,CHHATTISGARH,DURG,38905.55
2024-25,96,CHHATTISGARH,GARIABAND,33978.58
2024-25,97,CHHATTISGARH,GOURELA-PENDRA-MARWAHI,12812.38
2024-25,98,CHHATTISGARH,JANJGIR-CHAMPA,44100.76
2024-25,99,CHHATTISGARH,JASHPUR,33849.37
2024-25,100,CHHATTISGARH,KABIRDHAM,65847.08
2024-25,101,CHHATTISGARH,KANKER,66203.36
2024-25,102,CHHATTISGARH,KHAIRAGARH-CHHUIKHADAN_GANDAI,17975.63
2024-25,103,CHHATTISGARH,KONDAGAON,36028.57
2024-25,104,CHHATTISGARH,KORBA,46997.09
2024-25,105,CHHATTISGARH,KOREA,14202.74
2024-25,106,CHHATTISGARH,MAHASAMUND,94105.68
2024-25,107,CHHATTISGARH,MANENDRAGARH-CHIRMIRI_BHARATPUR,47266
2024-25,108,CHHATTISGARH,MOHLA-MANPUR_AMBAGARHCHOWKI,15144.39
2024-25,109,CHHATTISGARH,MUNGELI,24514.69
2024-25,110,CHHATTISGARH,NARAYANPUR,25241.36
2024-25,111,CHHATTISGARH,RAIGARH,39100.27
2024-25,112,CHHATTISGARH,RAIPUR,46265.25
2024-25,113,CHHATTISGARH,RAJNANDGAON,36228.52
2024-25,114,CHHATTISGARH,SAKTI,29666.26
2024-25,115,CHHATTISGARH,SARANGARH-BILAIRAGH,22549.72
2024-25,116,CHHATTISGARH,SUKMA,41767.19
2024-25,117,CHHATTISGARH,SURAJPUR,38028.39
2024-25,118,CHHATTISGARH,SURGUJA,39608.75
2024-25,119,DADRA AND NAGAR HAVELI,DADRA NAGAR HAVELI,9095.78
2024-25,120,DAMAN AND DIU,DAMAN,2409.83
2024-25,121,DAMAN AND DIU,DIU,177.48
2024-25,122,DELHI,CENTRAL,2310.29
2024-25,123,DELHI,EAST,1501.49
2024-25,124,DELHI,NAZUL LAND,514.28
2024-25,125,DELHI,NEW DELHI,2726.07
2024-25,126,DELHI,NORTH,4252.06
2024-25,127,DELHI,NORTH EAST,1632.23
2024-25,128,DELHI,NORTH WEST,3486.13
2024-25,129,DELHI,SHAHDARA,1485.55
2024-25,130,DELHI,SOUTH,4074.53
2024-25,131,DELHI,SOUTH EAST,2397.71
2024-25,132,DELHI,SOUTH WEST,6641.81
2024-25,133,DELHI,WEST,3535
2024-25,134,GOA,GOA NORTH,13196.35
2024-25,135,GOA,SOUTH GOA,17304.99
2024-25,136,GUJARAT,AHMEDABAD,514367.92
2024-25,137,GUJARAT,AMRELI,146412.97
2024-25,138,GUJARAT,ANAND,126312.95
2024-25,139,GUJARAT,ARVALLI,86429.06
2024-25,140,GUJARAT,BANASKANTHA,175923.8
2024-25,141,GUJARAT,BHARUCH,88194.93
2024-25,142,GUJARAT,BHAVNAGAR,120025.94
2024-25,143,GUJARAT,BOTAD,49651.2
2024-25,144,GUJARAT,CHHOTA UDEPUR,56983.89
2024-25,145,GUJARAT,DAHOD,34036.87
2024-25,146,GUJARAT,DANG,31191.34
2024-25,147,GUJARAT,DEVBHUMI DWARKA,48619.58
2024-25,148,GUJARAT,GANDHINAGAR,59394.25
2024-25,149,GUJARAT,GIR SOMNATH,74587.48
2024-25,150,GUJARAT,JAMNAGAR,135906.12
2024-25,151,GUJARAT,JUNAGADH,160761.74
2024-25,152,GUJARAT,KACHCHH,192955.99
2024-25,153,GUJARAT,KHEDA,89296.48
2024-25,154,GUJARAT,MAHESANA,260170.41
2024-25,155,GUJARAT,MAHISAGAR,30719.91
2024-25,156,GUJARAT,MORBI,82049.88
2024-25,157,GUJARAT,NARMADA,38657.36
2024-25,158,GUJARAT,NAVSARI,77262.45
2024-25,159,GUJARAT,PANCHMAHAL,54298.11
2024-25,160,GUJARAT,PATAN,103803.44
2024-25,161,GUJARAT,PORBANDAR,35640.86
2024-25,162,GUJARAT,RAJKOT,169025.48
2024-25,163,GUJARAT,RANA AND KUTCH,0
2024-25,164,GUJARAT,SABARKANTHA,76631.54
2024-25,165,GUJARAT,SURAT,143734.67
2024-25,166,GUJARAT,SURENDRANAGAR,217434.33
2024-25,167,GUJARAT,TAPI,71235.27
2024-25,168,GUJARAT,VADODARA,120044.88
2024-25,169,GUJARAT,VALSAD,69407.17
2024-25,170,HARYANA,AMBALA,38743.1
2024-25,171,HARYANA,BHIWANI,39084.92
2024-25,172,HARYANA,CHARKHI DADRI,17419.14
2024-25,173,HARYANA,FARIDABAD,13642.38
2024-25,174,HARYANA,FATEHABAD,59223.82
2024-25,175,HARYANA,GURGAON,22591.43
2024-25,176,HARYANA,HISAR,66085.71
2024-25,177,HARYANA,JHAJJAR,45688.38
2024-25,178,HARYANA,JIND,68244.35
2024-25,179,HARYANA,KAITHAL,41841.37
2024-25,180,HARYANA,KARNAL,105936.46
2024-25,181,HARYANA,KURUKSHETRA,37850.67
2024-25,182,HARYANA,MAHENDRAGARH,19806.38
2024-25,183,HARYANA,MEWAT,17417.06
2024-25,184,HARYANA,PALWAL,40387.35
2024-25,185,HARYANA,PANCHKULA,13446
2024-25,186,HARYANA,PANIPAT,47360.25
2024-25,187,HARYANA,REWARI,26482.73
2024-25,188,HARYANA,ROHTAK,32903.05
2024-25,189,HARYANA,SIRSA,60874.51
2024-25,190,HARYANA,SONIPAT,62183.27
2024-25,191,HARYANA,YAMUNA NAGAR,52900.48
2024-25,192,HIMACHAL PRADESH,BALH VALLEY,2450.43
2024-25,193,HIMACHAL PRADESH,CHAUNTRA VALLEY,4703.14
2024-25,194,HIMACHAL PRADESH,DHARAMSHALA PALAMPUR VALLEY,12324.36
2024-25,195,HIMACHAL PRADESH,HUM VALLEY,669.18
2024-25,196,HIMACHAL PRADESH,KALA AMB VALLEY,1831.89
2024-25,197,HIMACHAL PRADESH,NALAGARH VALLEY,14519.16
2024-25,198,HIMACHAL PRADESH,NURPUR & INDAURA vALLEY,37709.33
2024-25,199,HIMACHAL PRADESH,POANTA VALLEY,7792.68
2024-25,200,HIMACHAL PRADESH,UNA VALLEY BEAS CATCHMENT,958.97
2024-25,201,HIMACHAL PRADESH,UNA VALLEY SUTLEJ CATCHMENT,17783.89
2024-25,202,JAMMU AND KASHMIR,Anantnag,9985.78
2024-25,203,JAMMU AND KASHMIR,Bandipora,4272.11
2024-25,204,JAMMU AND KASHMIR,Baramulla,9834.88
2024-25,205,JAMMU AND KASHMIR,Barmulla,0
2024-25,206,JAMMU AND KASHMIR,Budgam,4742.16
2024-25,207,JAMMU AND KASHMIR,Doda,935.94
2024-25,208,JAMMU AND KASHMIR,Ganderbal,970.82
2024-25,209,JAMMU AND KASHMIR,Jammu,41150.83
2024-25,210,JAMMU AND KASHMIR,Kathua,30704.77
2024-25,211,JAMMU AND KASHMIR,Kishtwar,1188.86
2024-25,212,JAMMU AND KASHMIR,Kulgam,6112.2
2024-25,213,JAMMU AND KASHMIR,Kupwara,0
2024-25,214,JAMMU AND KASHMIR,Kupwarar,5586.49
2024-25,215,JAMMU AND KASHMIR,Mirpur,0
2024-25,216,JAMMU AND KASHMIR,Muzaffarabad,0
2024-25,217,JAMMU AND KASHMIR,Poonch,4622.86
2024-25,218,JAMMU AND KASHMIR,Pulwama,5210.82
2024-25,219,JAMMU AND KASHMIR,Rajouri,16012.55
2024-25,220,JAMMU AND KASHMIR,Ramban,665.88
2024-25,221,JAMMU AND KASHMIR,Reasi,21852.28
2024-25,222,JAMMU AND KASHMIR,Samba,15582.24
2024-25,223,JAMMU AND KASHMIR,Shopian,4748.18
2024-25,224,JAMMU AND KASHMIR,Srinagar,12288.16
2024-25,225,JAMMU AND KASHMIR,Srinagar Hilly Area,0
2024-25,226,JAMMU AND KASHMIR,Udhampur,10986.36
2024-25,227,JHARKHAND,BOKARO,18726.86
2024-25,228,JHARKHAND,CHATRA,23461.97
2024-25,229,JHARKHAND,DEOGHAR,15910.72
2024-25,230,JHARKHAND,DHANBAD,26371.51
2024-25,231,JHARKHAND,DUMKA,26912.47
2024-25,232,JHARKHAND,EAST SINGHBHUM,25778.08
2024-25,233,JHARKHAND,GARHWA,24720.72
2024-25,234,JHARKHAND,GIRIDIH,34525.55
2024-25,235,JHARKHAND,GODDA,20574.76
2024-25,236,JHARKHAND,GUMLA,32026.22
2024-25,237,JHARKHAND,HAZARIBAGH,32345.86
2024-25,238,JHARKHAND,JAMTARA,9240.81
2024-25,239,JHARKHAND,KHUNTI,13119.37
2024-25,240,JHARKHAND,KODERMA,6595.24
2024-25,241,JHARKHAND,LATEHAR,22167.2
2024-25,242,JHARKHAND,LOHARDAGA,15876.41
2024-25,243,JHARKHAND,PAKUR,24399.26
2024-25,244,JHARKHAND,PALAMAU,29943.68
2024-25,245,JHARKHAND,RAMGARH,11497.95
2024-25,246,JHARKHAND,RANCHI,35554.74
2024-25,247,JHARKHAND,SAHEBGANJ,27389.47
2024-25,248,JHARKHAND,SARAIKELA KHARSAWAN,16338.81
2024-25,249,JHARKHAND,SIMDEGA,25185.07
2024-25,250,JHARKHAND,WEST SINGHBHUM,43911.02
2024-25,251,KARNATAKA,Bagalkot,61670.26
2024-25,252,KARNATAKA,Ballari,65556.34
2024-25,253,KARNATAKA,Belagavi,107484.71
2024-25,254,KARNATAKA,Bengaluru (Rural),16810.69
2024-25,255,KARNATAKA,Bengaluru (Urban),30838.84
2024-25,256,KARNATAKA,Bengaluru South,49111.96
2024-25,257,KARNATAKA,Bidar,34195.2
2024-25,258,KARNATAKA,Chamarajanagara,36078.7
2024-25,259,KARNATAKA,Chikkaballapura,30753.83
2024-25,260,KARNATAKA,Chikkamagaluru,61354.84
2024-25,261,KARNATAKA,Chitradurga,39321.35
2024-25,262,KARNATAKA,Dakshina Kannada,65995.09
2024-25,263,KARNATAKA,Davanagere,57795.01
2024-25,264,KARNATAKA,Dharwad,29761.87
2024-25,265,KARNATAKA,Gadag,32552.47
2024-25,266,KARNATAKA,Hassan,79141.3
2024-25,267,KARNATAKA,Haveri,56981.41
2024-25,268,KARNATAKA,Kalburgi,67425.4
2024-25,269,KARNATAKA,Kodagu,21292.87
2024-25,270,KARNATAKA,Kolara,33032.75
2024-25,271,KARNATAKA,Koppal,59856.23
2024-25,272,KARNATAKA,Mandya,63131.17
2024-25,273,KARNATAKA,Mysuru,66020.4
2024-25,274,KARNATAKA,Raichur,78483.52
2024-25,275,KARNATAKA,Shivamogga,98115.07
2024-25,276,KARNATAKA,Tumakuru,76499.82
2024-25,277,KARNATAKA,Udupi,49289.94
2024-25,278,KARNATAKA,Uttara Kannada,83772.07
2024-25,279,KARNATAKA,Vijayanagara,39803.68
2024-25,280,KARNATAKA,Vijayapura,95306.7
2024-25,281,KARNATAKA,Yadgir,53977.25
2024-25,282,KERALA,ALAPPUZHA,35712.59
2024-25,283,KERALA,ERNAKULAM,37094.21
2024-25,284,KERALA,IDUKKI,20506
2024-25,285,KERALA,KANNUR,35569.11
2024-25,286,KERALA,KASARGOD,30694.42
2024-25,287,KERALA,KOLLAM,29175.76
2024-25,288,KERALA,KOTTAYAM,36415.1
2024-25,289,KERALA,KOZHIKKODE,29234.83
2024-25,290,KERALA,MALAPPURAM,39149.78
2024-25,291,KERALA,PALAKKAD,50330.1
2024-25,292,KERALA,PATHANAMTHITTA,19719.25
2024-25,293,KERALA,THIRUVANANTHAPURAM,24449.15
2024-25,294,KERALA,THRISSUR,55228.54
2024-25,295,KERALA,WAYANAD,21268.04
2024-25,296,LADAKH,KARGIL,1404.78
2024-25,297,LADAKH,LEH,4662.92
2024-25,298,LAKSHDWEEP,AMINI,127.5
2024-25,299,LAKSHDWEEP,ANDROTH,161.91
2024-25,300,LAKSHDWEEP,KAVARATTI,136.17
2024-25,301,LAKSHDWEEP,KILTAN,58.22
2024-25,302,LAKSHDWEEP,MINICOY,99.09
2024-25,303,MAHARASHTRA,Ahmednagar,
2024-25,304,MAHARASHTRA,Akola,42471.56235
2024-25,305,MAHARASHTRA,Amravati,
2024-25,306,MAHARASHTRA,Aurangabad,
2024-25,307,MAHARASHTRA,Beed,124528.99
2024-25,308,MAHARASHTRA,Bhandara,87058.5921
2024-25,309,MAHARASHTRA,Buldhana,
2024-25,310,MAHARASHTRA,Chandrapur,
2024-25,311,MAHARASHTRA,Dhule,73977.56
2024-25,312,MAHARASHTRA,Gadchiroli,103086.6209
2024-25,313,MAHARASHTRA,Gondia,62122.83
2024-25,314,MAHARASHTRA,Hingoli,97987.61
2024-25,315,MAHARASHTRA,Jalgaon,136342.26
2024-25,316,MAHARASHTRA,Jalna,92832.23
2024-25,317,MAHARASHTRA,Kolhapur,127744.85
2024-25,318,MAHARASHTRA,Latur,70096.25
2024-25,319,MAHARASHTRA,Mumbai,1477.65
2024-25,320,MAHARASHTRA,Mumbai Sub,7263.56
2024-25,321,MAHARASHTRA,Nagpur,120395.7338
2024-25,322,MAHARASHTRA,Nanded,118656.72
2024-25,323,MAHARASHTRA,Nandurbar,48959.18559
2024-25,324,MAHARASHTRA,Nashik,189835.66
2024-25,325,MAHARASHTRA,Osmanabad,
2024-25,326,MAHARASHTRA,Palghar,21066.02
2024-25,327,MAHARASHTRA,Parbhani,82219.01
2024-25,328,MAHARASHTRA,Pune,185935.9674
2024-25,329,MAHARASHTRA,Raigad,35173.03
2024-25,330,MAHARASHTRA,Ratnagiri,39046.48
2024-25,331,MAHARASHTRA,Sangli,146636.2931
2024-25,332,MAHARASHTRA,Satara,113514.24
2024-25,333,MAHARASHTRA,Sindhudurg,22292.25
2024-25,334,MAHARASHTRA,Solapur,140354.46
2024-25,335,MAHARASHTRA,Thane,16322.56
2024-25,336,MAHARASHTRA,Wardha,89744.48
2024-25,337,MAHARASHTRA,Washim,61040.42
2024-25,338,MAHARASHTRA,Yawatmal,119403.43
2024-25,339,MANIPUR,BISHNUPUR,8714.26
2024-25,340,MANIPUR,CHANDEL,0
2024-25,341,MANIPUR,CHURACHANPUR,5979.12
2024-25,342,MANIPUR,IMPHAL EAST,11418.85
2024-25,343,MANIPUR,IMPHAL WEST,7870.7
2024-25,344,MANIPUR,SENAPATI,0
2024-25,345,MANIPUR,TAMENGLONG,0
2024-25,346,MANIPUR,THOUBAL,5773.32
2024-25,347,MANIPUR,UKHRUL,0
2024-25,348,MEGHALAYA,EAST GARO HILLS,7643.46
2024-25,349,MEGHALAYA,EAST JAINTIA HILLS,15116.31
2024-25,350,MEGHALAYA,EAST KHASI HILLS,19635.67
2024-25,351,MEGHALAYA,NORTH GARO HILLS,7743.68
2024-25,352,MEGHALAYA,RI BHOI,5835.34
2024-25,353,MEGHALAYA,SOUTH GARO HILLS,21126.28
2024-25,354,MEGHALAYA,SOUTH WEST GARO HILLS,3875.98
2024-25,355,MEGHALAYA,SOUTH WEST KHASI HILLS,12899.8
2024-25,356,MEGHALAYA,WEST GARO HILLS,19046.95
2024-25,357,MEGHALAYA,WEST JAINTIA HILLS,10047.12
2024-25,358,MEGHALAYA,WEST KHASI HILLS,30568.85
2024-25,359,MIZORAM,AIZAWL,1370.81
2024-25,360,MIZORAM,CHAMPHAI,1423.64
2024-25,361,MIZORAM,KOLASIB,2498.83
2024-25,362,MIZORAM,LAWNGTLAI,3039.64
2024-25,363,MIZORAM,LUNGLEI,4447.04
2024-25,364,MIZORAM,MAMIT,4658.72
2024-25,365,MIZORAM,SAIHA,695.46
2024-25,366,MIZORAM,SERCHHIP,820.47
2024-25,367,NAGALAND,Dimapur,20998.07
2024-25,368,NAGALAND,Kiphire,522.15
2024-25,369,NAGALAND,Kohima,2773.3
2024-25,370,NAGALAND,Longleng,1389.8
2024-25,371,NAGALAND,Mokokchung,5620.3
2024-25,372,NAGALAND,Mon,3987.36
2024-25,373,NAGALAND,Peren,4053.17
2024-25,374,NAGALAND,Phek,1063.27
2024-25,375,NAGALAND,Tuensang,1308.25
2024-25,376,NAGALAND,Wokha,6870.44
2024-25,377,NAGALAND,Zunheboto,1706.45
2024-25,378,PUDUCHERRY,KARAIKAL,3981.6
2024-25,379,PUDUCHERRY,PUDUCHERRY,13458.02
2024-25,380,PUNJAB,Amritsar,124711.65
2024-25,381,PUNJAB,Barnala,48893.01
2024-25,382,PUNJAB,Bathinda,136140.41
2024-25,383,PUNJAB,Faridkot,73807.64
2024-25,384,PUNJAB,Fatehgarh Sahib,35756.99
2024-25,385,PUNJAB,Fazilka,114601.43
2024-25,386,PUNJAB,Firozpur,149516.88
2024-25,387,PUNJAB,Gurdaspur,136765.79
2024-25,388,PUNJAB,Hoshiarpur,80412.83
2024-25,389,PUNJAB,Jalandhar,86196.69
2024-25,390,PUNJAB,Kapurthala,56633.74
2024-25,391,PUNJAB,Ludhiana,123365.4
2024-25,392,PUNJAB,Malerkotla,19433.77
2024-25,393,PUNJAB,Mansa,108702.67
2024-25,394,PUNJAB,Moga,70205.36
2024-25,395,PUNJAB,Muktsar,151033.06
2024-25,396,PUNJAB,Pathankot,43294.2
2024-25,397,PUNJAB,Patiala,91440.82
2024-25,398,PUNJAB,Rupnagar,39343.06
2024-25,399,PUNJAB,SAS Nagar,20385.37
2024-25,400,PUNJAB,SBS Nagar,49633.83
2024-25,401,PUNJAB,Sangrur,63227.66
2024-25,402,PUNJAB,Tarn Taran,65592.76
2024-25,403,RAJASTHAN,AJMER,33580.91
2024-25,404,RAJASTHAN,ALWAR,74449.62
2024-25,405,RAJASTHAN,BANSWARA,20902.62
2024-25,406,RAJASTHAN,BARAN,58400.26
2024-25,407,RAJASTHAN,BARMER,62572.43
2024-25,408,RAJASTHAN,BHARATPUR,49971.38
2024-25,409,RAJASTHAN,BHILWARA,40782.47
2024-25,410,RAJASTHAN,BIKANER,56477.94
2024-25,411,RAJASTHAN,BUNDI,32730.29
2024-25,412,RAJASTHAN,CHITTAURGARH,31318.37
2024-25,413,RAJASTHAN,CHURU,20478.99
2024-25,414,RAJASTHAN,DAUSA,25184.08
2024-25,415,RAJASTHAN,DHAULPUR,25806.56
2024-25,416,RAJASTHAN,DUNGARPUR,20426.97
2024-25,417,RAJASTHAN,GANGANAGAR,135615.63
2024-25,418,RAJASTHAN,HANUMANGARH,88422.92
2024-25,419,RAJASTHAN,JAIPUR,72772.12
2024-25,420,RAJASTHAN,JAISALMER,49423.14
2024-25,421,RAJASTHAN,JALOR,54997
2024-25,422,RAJASTHAN,JHALAWAR,53536.01
2024-25,423,RAJASTHAN,JHUNJHUNU,22868.22
2024-25,424,RAJASTHAN,JODHPUR,46894.05
2024-25,425,RAJASTHAN,KARAULI,32693
2024-25,426,RAJASTHAN,KOTA,47218.69
2024-25,427,RAJASTHAN,NAGAUR,64206.5
2024-25,428,RAJASTHAN,PALI,42855.85
2024-25,429,RAJASTHAN,PRATAPGARH,21103.49
2024-25,430,RAJASTHAN,RAJSAMAND,11259.85
2024-25,431,RAJASTHAN,SAWAI MADHOPUR,41732.38
2024-25,432,RAJASTHAN,SIKAR,35246.25
2024-25,433,RAJASTHAN,SIROHI,27912.11
2024-25,434,RAJASTHAN,TONK,44994.37
2024-25,435,RAJASTHAN,UDAIPUR,29950.69
2024-25,436,SIKKIM,Gangtok,6134.97
2024-25,437,SIKKIM,Gyalsingh,3412.42
2024-25,438,SIKKIM,Mangan,3344.94
2024-25,439,SIKKIM,Namchi,3191.38
2024-25,440,SIKKIM,Pakyong,4520.53
2024-25,441,SIKKIM,Soreng,1143.87
2024-25,442,TAMILNADU,ARIYALUR,37340.9
2024-25,443,TAMILNADU,CHENGALPATTU,62796.88
2024-25,444,TAMILNADU,CHENNAI,8917.3
2024-25,445,TAMILNADU,COIMBATORE,56226.01
2024-25,446,TAMILNADU,CUDDALORE,107819.01
2024-25,447,TAMILNADU,DHARMAPURI,47720.77
2024-25,448,TAMILNADU,DINDIGUL,53634.62
2024-25,449,TAMILNADU,ERODE,85566.15
2024-25,450,TAMILNADU,KALLAKURICHCHI,58831.49
2024-25,451,TAMILNADU,KANCHEEPURAM,53561.52
2024-25,452,TAMILNADU,KANNIYAKUMARI,33881.67
2024-25,453,TAMILNADU,KARUR,29409.51
2024-25,454,TAMILNADU,KRISHNAGIRI,51168.22
2024-25,455,TAMILNADU,MADURAI,70783.58
2024-25,456,TAMILNADU,MAYILADUTHURAI,18873.3
2024-25,457,TAMILNADU,NAGAPATTINAM,73808.94
2024-25,458,TAMILNADU,NAMAKKAL,52525.37
2024-25,459,TAMILNADU,PERAMBALUR,25995.4
2024-25,460,TAMILNADU,PUDUKKOTTAI,104527.59
2024-25,461,TAMILNADU,RAMANATHAPURAM,74179.34
2024-25,462,TAMILNADU,RANIPET,30121.8
2024-25,463,TAMILNADU,SALEM,47530.82
2024-25,464,TAMILNADU,SIVAGANGAI,70428.15
2024-25,465,TAMILNADU,TENKASI,53665.79
2024-25,466,TAMILNADU,THANJAVUR,117124.69
2024-25,467,TAMILNADU,THE NILGIRIS,7165.96
2024-25,468,TAMILNADU,THENI,26976.5
2024-25,469,TAMILNADU,THIRUVARUR,121816.64
2024-25,470,TAMILNADU,THOOTHUKUDI,77567.54
2024-25,471,TAMILNADU,TIRUCHIRAPPALLI,64005.87
2024-25,472,TAMILNADU,TIRUNELVELI,80605.68
2024-25,473,TAMILNADU,TIRUPATHUR,9712.9
2024-25,474,TAMILNADU,TIRUPPUR,68671.47
2024-25,475,TAMILNADU,TIRUVALLUR,76473.75
2024-25,476,TAMILNADU,TIRUVANNAMALAI,124818.39
2024-25,477,TAMILNADU,VELLORE,18174.31
2024-25,478,TAMILNADU,VILLUPURAM,96724.96
2024-25,479,TAMILNADU,VIRUDHUNAGAR,68431.54
2024-25,480,TELANGANA,Adilabad,51020.35
2024-25,481,TELANGANA,Bhadradri Kothagudem,101107.48
2024-25,482,TELANGANA,Hanumakonda,48180.65
2024-25,483,TELANGANA,Hyderabad,6165.55
2024-25,484,TELANGANA,Jagtial,70054.71
2024-25,485,TELANGANA,Jangaon,28686.15
2024-25,486,TELANGANA,Jayashankar Bhupalapally,47212.31
2024-25,487,TELANGANA,Jogulamba Gadwal,44338.54
2024-25,488,TELANGANA,Kamareddy,65195.21
2024-25,489,TELANGANA,Karimnagar,84651.12
2024-25,490,TELANGANA,Khammam,106946.61
2024-25,491,TELANGANA,Komarambheem Asifabad,56791.34
2024-25,492,TELANGANA,Mahabubabad,64250.08
2024-25,493,TELANGANA,Mahabubnagar,33058.38
2024-25,494,TELANGANA,Mancherial,88258.31
2024-25,495,TELANGANA,Medak,49497.25
2024-25,496,TELANGANA,Medchal Malkajgiri,9736.91
2024-25,497,TELANGANA,Mulug,54650.14
2024-25,498,TELANGANA,Nagarkurnool,87476.46
2024-25,499,TELANGANA,Nalgonda,128247.44
2024-25,500,TELANGANA,Narayanpet,30535.49
2024-25,501,TELANGANA,Nirmal,68160.8
2024-25,502,TELANGANA,Nizamabad,92714.62
2024-25,503,TELANGANA,Peddapalle,47233.35
2024-25,504,TELANGANA,Rajanna Siricilla,41408.46
2024-25,505,TELANGANA,Rangareddy,50532.72
2024-25,506,TELANGANA,Sangareddy,35537.97
2024-25,507,TELANGANA,Siddipet,49695.51
2024-25,508,TELANGANA,Suryapet,103271.29
2024-25,509,TELANGANA,Vikarabad,32751
2024-25,510,TELANGANA,Wanaparthy,64149.3
2024-25,511,TELANGANA,Warangal,50602.5
2024-25,512,TELANGANA,Yadadri Bhuvanagiri,69137.42
2024-25,513,TRIPURA,DHALAI,18379.79
2024-25,514,TRIPURA,GOMATI,22197.08
2024-25,515,TRIPURA,KHOWAI,11160.92
2024-25,516,TRIPURA,NORTH TRIPURA,9047.45
2024-25,517,TRIPURA,SEPAHIJALA,17980.61
2024-25,518,TRIPURA,SOUTH TRIPURA,22036.47
2024-25,519,TRIPURA,UNAKOTI,8224.49
2024-25,520,TRIPURA,WEST TRIPURA,15144.27
2024-25,521,UTTARAKHAND,DEHRADUN,51009.32
2024-25,522,UTTARAKHAND,HARIDWAR,43422.85
2024-25,523,UTTARAKHAND,NAINITAL,26011.24
2024-25,524,UTTARAKHAND,UDHAMSINGH NAGAR,74756.36
2024-25,525,WEST BENGAL,ALIPURDUAR,116176.02
2024-25,526,WEST BENGAL,BANKURA,147036.71
2024-25,527,WEST BENGAL,BIRBHUM,103093.92
2024-25,528,WEST BENGAL,DAKSHIN DINAJPUR,102169.85
2024-25,529,WEST BENGAL,DARJILING,38126.81
2024-25,530,WEST BENGAL,HAORA,21190.22
2024-25,531,WEST BENGAL,HUGLI,116406.48
2024-25,532,WEST BENGAL,JALPAIGURI,169540.51
2024-25,533,WEST BENGAL,JHARGRAM,94154.4
2024-25,534,WEST BENGAL,KALIMPONG,3604.32
2024-25,535,WEST BENGAL,KOCH BIHAR,186481.62
2024-25,536,WEST BENGAL,KOLKATTA,0
2024-25,537,WEST BENGAL,MALDA,106801.68
2024-25,538,WEST BENGAL,MURSHIDABAD,180969.09
2024-25,539,WEST BENGAL,NADIA,176494.48
2024-25,540,WEST BENGAL,NORTH 24 PARGANAS,138984.52
2024-25,541,WEST BENGAL,PASCHIM BARDDHAMAN,21955.99
2024-25,542,WEST BENGAL,PASCHIM MEDINIPUR,218332.66
2024-25,543,WEST BENGAL,PURBA BARDDHAMAN,183612.2
2024-25,544,WEST BENGAL,PURBA MEDINIPUR,60362.23
2024-25,545,WEST BENGAL,PURULIYA,53142.82
2024-25,546,WEST BENGAL,SOUTH 24 PARGANAS,0
2024-25,547,WEST BENGAL,UTTAR DINAJPUR,111021.08
2024-25,,,,27846197.68
