YEAR,S.No,STATE,DISTRICT,GWE_Tot
2023-2024,1,ANDAMAN AND NICOBAR ISLANDS,N & M ANDAMAN,272.39
2023-2024,2,ANDAMAN AND NICOBAR ISLANDS,NICOBAR,91.34
2023-2024,3,ANDAMAN AND NICOBAR ISLANDS,SOUTH ANDAMAN,342.69
2023-2024,4,ANDHRA PRADESH,Alluri Sitharama Raju,2239.02
2023-2024,5,ANDHRA PRADESH,Anakapalli,20967.06
2023-2024,6,ANDHRA PRADESH,Ananthapuramu,40926.43
2023-2024,7,ANDHRA PRADESH,Annamayya,35463.41
2023-2024,8,ANDHRA PRADESH,Bapatla,18457.94
2023-2024,9,ANDHRA PRADESH,Chittoor,50903.85
2023-2024,10,ANDHRA PRADESH,East Godavari,34167.05
2023-2024,11,ANDHRA PRADESH,Eluru,47743.61
2023-2024,12,ANDHRA PRADESH,Guntur,10652.7
2023-2024,13,ANDHRA PRADESH,Kakinada,20121.65
2023-2024,14,ANDHRA PRADESH,Konaseema,10671.82
2023-2024,15,ANDHRA PRADESH,Krishna,47576.84
2023-2024,16,ANDHRA PRADESH,Kurnool,19597.28
2023-2024,17,ANDHRA PRADESH,NTR,23895.84
2023-2024,18,ANDHRA PRADESH,Nandyal,12854.15
2023-2024,19,ANDHRA PRADESH,Palnadu,29621.05
2023-2024,20,ANDHRA PRADESH,Parvathipuram Manyam,21795.33
2023-2024,21,ANDHRA PRADESH,Prakasam,47512.15
2023-2024,22,ANDHRA PRADESH,Sri Potti Sriramulu Nellore,43888.77
2023-2024,23,ANDHRA PRADESH,Sri Sathya Sai,69091.82
2023-2024,24,ANDHRA PRADESH,Srikakulam,44359.44
2023-2024,25,ANDHRA PRADESH,Tirupati,53602.53
2023-2024,26,ANDHRA PRADESH,Visakhapatnam,5382.2
2023-2024,27,ANDHRA PRADESH,Vizianagaram,35808.31
2023-2024,28,ANDHRA PRADESH,West Godavari,5047.09
2023-2024,29,ANDHRA PRADESH,Y.S.R Kadapa,41442.26
2023-2024,30,ARUNACHAL PRADESH,ANJAW,
2023-2024,31,ARUNACHAL PRADESH,CHANGLANG,244.97
2023-2024,32,ARUNACHAL PRADESH,DIBANG VALLEY,
2023-2024,33,ARUNACHAL PRADESH,EAST KAMENG,108.46
2023-2024,34,ARUNACHAL PRADESH,EAST SIANG,178.27
2023-2024,35,ARUNACHAL PRADESH,KURUNG KUMEY,
2023-2024,36,ARUNACHAL PRADESH,LOHIT,270.62
2023-2024,37,ARUNACHAL PRADESH,LOWER DIBANG VALLEY,247.91
2023-2024,38,ARUNACHAL PRADESH,LOWER SUBANSIRI,39.11
2023-2024,39,ARUNACHAL PRADESH,PAPUM PARE,145.71
2023-2024,40,ARUNACHAL PRADESH,TAWANG,
2023-2024,41,ARUNACHAL PRADESH,TIRAP,55.04
2023-2024,42,ARUNACHAL PRADESH,UPPER SIANG,
2023-2024,43,ARUNACHAL PRADESH,UPPER SUBANSIRI,21.16
2023-2024,44,ARUNACHAL PRADESH,WEST KAMENG,13.04
2023-2024,45,ARUNACHAL PRADESH,WEST SIANG,7.65
2023-2024,46,ASSAM,BAKSA,4553.76
2023-2024,47,ASSAM,BARPETA,28378.4
2023-2024,48,ASSAM,BONGAIGAON,11836.27
2023-2024,49,ASSAM,CACHAR,1445.78
2023-2024,50,ASSAM,CHIRANG,2469.7
2023-2024,51,ASSAM,DARRANG,17692.92
2023-2024,52,ASSAM,DHEMAJI,4606.73
2023-2024,53,ASSAM,DHUBRI,28293.72
2023-2024,54,ASSAM,DIBRUGARH,8407.33
2023-2024,55,ASSAM,DIMA HASAO,573.55
2023-2024,56,ASSAM,GOALPARA,12472.77
2023-2024,57,ASSAM,GOLAGHAT,5945.79
2023-2024,58,ASSAM,HAILAKANDI,541.26
2023-2024,59,ASSAM,JORHAT,7138.18
2023-2024,60,ASSAM,KAMRUP,24062.15
2023-2024,61,ASSAM,KAMRUP (M),5308.8
2023-2024,62,ASSAM,KARBI ANGLONG,3038.47
2023-2024,63,ASSAM,KARIMGANJ,1415.81
2023-2024,64,ASSAM,KOKRAJHAR,8058.83
2023-2024,65,ASSAM,LAKHIMPUR,6925.99
2023-2024,66,ASSAM,MORIGAON,13157.78
2023-2024,67,ASSAM,NAGAON,29040.85
2023-2024,68,ASSAM,NALBARI,7914.57
2023-2024,69,ASSAM,SIBSAGAR,4553.11
2023-2024,70,ASSAM,SONITPUR,13057.93
2023-2024,71,ASSAM,TINSUKIA,6469.76
2023-2024,72,ASSAM,UDALGURI,6160.97
2023-2024,73,BIHAR,ARARIA,31953.96
2023-2024,74,BIHAR,ARWAL,9212.33
2023-2024,75,BIHAR,AURANGABAD,35873.86
2023-2024,76,BIHAR,BANKA,24414.83
2023-2024,77,BIHAR,BEGUSARAI,34226.51
2023-2024,78,BIHAR,BHAGALPUR,28322.76
2023-2024,79,BIHAR,BHOJPUR,40295.52
2023-2024,80,BIHAR,BUXAR,25511.78
2023-2024,81,BIHAR,DARBHANGA,39943.13
2023-2024,82,BIHAR,EAST CHAMPARAN,76127.87
2023-2024,83,BIHAR,GAYA,65416.38
2023-2024,84,BIHAR,GOPALGANJ,54002.25
2023-2024,85,BIHAR,JAMUI,18243.03
2023-2024,86,BIHAR,JEHANABAD,23980.4
2023-2024,87,BIHAR,KAIMUR,32587.58
2023-2024,88,BIHAR,KATIHAR,47255.67
2023-2024,89,BIHAR,KHAGARIA,28316.72
2023-2024,90,BIHAR,KISHANGANJ,20401.43
2023-2024,91,BIHAR,LAKHISARAI,10800.42
2023-2024,92,BIHAR,MADHEPURA,38715.46
2023-2024,93,BIHAR,MADHUBANI,60390.32
2023-2024,94,BIHAR,MUNGER,13495.25
2023-2024,95,BIHAR,MUZAFFARPUR,74285.42
2023-2024,96,BIHAR,NALANDA,45568.79
2023-2024,97,BIHAR,NAWADA,31232.3
2023-2024,98,BIHAR,PATNA,60449.74
2023-2024,99,BIHAR,PURNEA,53555.65
2023-2024,100,BIHAR,ROHTAS,33775
2023-2024,101,BIHAR,SAHARSA,23842.55
2023-2024,102,BIHAR,SAMASTIPUR,55184.4
2023-2024,103,BIHAR,SARAN,42217.61
2023-2024,104,BIHAR,SHEIKHPURA,9517.95
2023-2024,105,BIHAR,SHEOHAR,9663.54
2023-2024,106,BIHAR,SITAMARHI,29208.59
2023-2024,107,BIHAR,SIWAN,55108.97
2023-2024,108,BIHAR,SUPAUL,31908.53
2023-2024,109,BIHAR,VAISHALI,47347.44
2023-2024,110,BIHAR,WEST CHAMPARAN,47217.75
2023-2024,111,CHANDIGARH,CHANDIGARH,3281.7
2023-2024,112,CHHATTISGARH,BALOD,26531.78
2023-2024,113,CHHATTISGARH,BALODA BAZAR,26621.5
2023-2024,114,CHHATTISGARH,BALRAMPUR,12157.27
2023-2024,115,CHHATTISGARH,BASTAR,8433.11
2023-2024,116,CHHATTISGARH,BEMETARA,39546.94
2023-2024,117,CHHATTISGARH,BIJAPUR,4926.33
2023-2024,118,CHHATTISGARH,BILASPUR,27932.02
2023-2024,119,CHHATTISGARH,DANTEWADA,4589.33
2023-2024,120,CHHATTISGARH,DHAMTARI,45067.33
2023-2024,121,CHHATTISGARH,DURG,29385.91
2023-2024,122,CHHATTISGARH,GARIABAND,21412.31
2023-2024,123,CHHATTISGARH,GOURELA-PENDRA-MARWAHI,5166.22
2023-2024,124,CHHATTISGARH,JANJGIR-CHAMPA,11238.96
2023-2024,125,CHHATTISGARH,JASHPUR,15513.57
2023-2024,126,CHHATTISGARH,KABIRDHAM,38802.73
2023-2024,127,CHHATTISGARH,KANKER,24821.88
2023-2024,128,CHHATTISGARH,KHAIRAGARH-CHHUIKHADAN_GANDAI,11208.9
2023-2024,129,CHHATTISGARH,KONDAGAON,15115.87
2023-2024,130,CHHATTISGARH,KORBA,16345.51
2023-2024,131,CHHATTISGARH,KOREA,6795.84
2023-2024,132,CHHATTISGARH,MAHASAMUND,56616.87
2023-2024,133,CHHATTISGARH,MANENDRAGARH-CHIRMIRI_BHARATPUR,9560.12
2023-2024,134,CHHATTISGARH,MOHLA-MANPUR_AMBAGARHCHOWKI,5881.72
2023-2024,135,CHHATTISGARH,MUNGELI,11265.81
2023-2024,136,CHHATTISGARH,NARAYANPUR,1797.25
2023-2024,137,CHHATTISGARH,RAIGARH,16500.96
2023-2024,138,CHHATTISGARH,RAIPUR,27226.94
2023-2024,139,CHHATTISGARH,RAJNANDGAON,24445.65
2023-2024,140,CHHATTISGARH,SAKTI,14234.66
2023-2024,141,CHHATTISGARH,SARANGARH-BILAIRAGH,8875.05
2023-2024,142,CHHATTISGARH,SUKMA,2568.36
2023-2024,143,CHHATTISGARH,SURAJPUR,22676.75
2023-2024,144,CHHATTISGARH,SURGUJA,18492.95
2023-2024,145,DADRA AND NAGAR HAVELI,DADRA NAGAR HAVELI,10747
2023-2024,146,DAMAN AND DIU,DAMAN,4430.48
2023-2024,147,DAMAN AND DIU,DIU,1282.09
2023-2024,148,DELHI,CENTRAL,1795.89
2023-2024,149,DELHI,EAST,1468.03
2023-2024,150,DELHI,NAZUL LAND,319.07
2023-2024,151,DELHI,NEW DELHI,3673.74
2023-2024,152,DELHI,NORTH,4586.85
2023-2024,153,DELHI,NORTH EAST,1727.98
2023-2024,154,DELHI,NORTH WEST,2369.85
2023-2024,155,DELHI,SHAHDARA,1697.54
2023-2024,156,DELHI,SOUTH,4568.49
2023-2024,157,DELHI,SOUTH EAST,2377.36
2023-2024,158,DELHI,SOUTH WEST,6339.33
2023-2024,159,DELHI,WEST,3530.37
2023-2024,160,GOA,GOA NORTH,3582.4
2023-2024,161,GOA,SOUTH GOA,3473.36
2023-2024,162,GUJARAT,AHMEDABAD,72075.55
2023-2024,163,GUJARAT,AMRELI,80255.16
2023-2024,164,GUJARAT,ANAND,34734.74
2023-2024,165,GUJARAT,ARVALLI,37540.96
2023-2024,166,GUJARAT,BANASKANTHA,184010.39
2023-2024,167,GUJARAT,BHARUCH,21571.97
2023-2024,168,GUJARAT,BHAVNAGAR,51864.88
2023-2024,169,GUJARAT,BOTAD,27564.34
2023-2024,170,GUJARAT,CHHOTA UDEPUR,24539.77
2023-2024,171,GUJARAT,DAHOD,12852.78
2023-2024,172,GUJARAT,DANG,4549.55
2023-2024,173,GUJARAT,DEVBHUMI DWARKA,31369.89
2023-2024,174,GUJARAT,GANDHINAGAR,61050.26
2023-2024,175,GUJARAT,GIR SOMNATH,35158.39
2023-2024,176,GUJARAT,JAMNAGAR,58825.06
2023-2024,177,GUJARAT,JUNAGADH,75054.65
2023-2024,178,GUJARAT,KACHCHH,113050.28
2023-2024,179,GUJARAT,KHEDA,37688.91
2023-2024,180,GUJARAT,MAHESANA,107009.27
2023-2024,181,GUJARAT,MAHISAGAR,15024.83
2023-2024,182,GUJARAT,MORBI,39956.41
2023-2024,183,GUJARAT,NARMADA,24432.04
2023-2024,184,GUJARAT,NAVSARI,22135.31
2023-2024,185,GUJARAT,PANCHMAHAL,12882.98
2023-2024,186,GUJARAT,PATAN,67397.03
2023-2024,187,GUJARAT,PORBANDAR,20521.31
2023-2024,188,GUJARAT,RAJKOT,109186.59
2023-2024,189,GUJARAT,RANA AND KUTCH,
2023-2024,190,GUJARAT,SABARKANTHA,54868.46
2023-2024,191,GUJARAT,SURAT,59290.11
2023-2024,192,GUJARAT,SURENDRANAGAR,60969.58
2023-2024,193,GUJARAT,TAPI,23128.06
2023-2024,194,GUJARAT,VADODARA,68646.06
2023-2024,195,GUJARAT,VALSAD,20470.65
2023-2024,196,HARYANA,AMBALA,50167.46
2023-2024,197,HARYANA,BHIWANI,54909.09
2023-2024,198,HARYANA,CHARKHI DADRI,26183.41
2023-2024,199,HARYANA,FARIDABAD,24680.7
2023-2024,200,HARYANA,FATEHABAD,103197.33
2023-2024,201,HARYANA,GURGAON,43262.85
2023-2024,202,HARYANA,HISAR,51753.04
2023-2024,203,HARYANA,JHAJJAR,24998.31
2023-2024,204,HARYANA,JIND,95982.41
2023-2024,205,HARYANA,KAITHAL,80475.07
2023-2024,206,HARYANA,KARNAL,184020.79
2023-2024,207,HARYANA,KURUKSHETRA,84718.78
2023-2024,208,HARYANA,MAHENDRAGARH,29333.32
2023-2024,209,HARYANA,MEWAT,16283.34
2023-2024,210,HARYANA,PALWAL,37074.16
2023-2024,211,HARYANA,PANCHKULA,8366.39
2023-2024,212,HARYANA,PANIPAT,104362.34
2023-2024,213,HARYANA,REWARI,35148.53
2023-2024,214,HARYANA,ROHTAK,23273.66
2023-2024,215,HARYANA,SIRSA,129442.48
2023-2024,216,HARYANA,SONIPAT,82041.18
2023-2024,217,HARYANA,YAMUNA NAGAR,71380.73
2023-2024,218,HIMACHAL PRADESH,BALH VALLEY,1034.26
2023-2024,219,HIMACHAL PRADESH,CHAUNTRA VALLEY,130.3
2023-2024,220,HIMACHAL PRADESH,DHARAMSHALA PALAMPUR VALLEY,3142.96
2023-2024,221,HIMACHAL PRADESH,HUM VALLEY,415.6
2023-2024,222,HIMACHAL PRADESH,KALA AMB VALLEY,624.44
2023-2024,223,HIMACHAL PRADESH,NALAGARH VALLEY,8819.71
2023-2024,224,HIMACHAL PRADESH,NURPUR & INDAURA vALLEY,8174.27
2023-2024,225,HIMACHAL PRADESH,POANTA VALLEY,1564.2
2023-2024,226,HIMACHAL PRADESH,UNA VALLEY BEAS CATCHMENT,245.84
2023-2024,227,HIMACHAL PRADESH,UNA VALLEY SUTLEJ CATCHMENT,11699.36
2023-2024,228,JAMMU AND KASHMIR,Anantnag,2366.96
2023-2024,229,JAMMU AND KASHMIR,Bandipora,673.14
2023-2024,230,JAMMU AND KASHMIR,Baramulla,2215.84
2023-2024,231,JAMMU AND KASHMIR,Barmulla,
2023-2024,232,JAMMU AND KASHMIR,Budgam,1324.54
2023-2024,233,JAMMU AND KASHMIR,Doda,192.52
2023-2024,234,JAMMU AND KASHMIR,Ganderbal,446.15
2023-2024,235,JAMMU AND KASHMIR,Jammu,13639.44
2023-2024,236,JAMMU AND KASHMIR,Kathua,7345.65
2023-2024,237,JAMMU AND KASHMIR,Kishtwar,186.34
2023-2024,238,JAMMU AND KASHMIR,Kulgam,1254.75
2023-2024,239,JAMMU AND KASHMIR,Kupwara,
2023-2024,240,JAMMU AND KASHMIR,Kupwarar,1199.43
2023-2024,241,JAMMU AND KASHMIR,Mirpur,
2023-2024,242,JAMMU AND KASHMIR,Muzaffarabad,
2023-2024,243,JAMMU AND KASHMIR,Poonch,782.4
2023-2024,244,JAMMU AND KASHMIR,Pulwama,1988.9
2023-2024,245,JAMMU AND KASHMIR,Rajouri,2021.42
2023-2024,246,JAMMU AND KASHMIR,Ramban,211.91
2023-2024,247,JAMMU AND KASHMIR,Reasi,2403.63
2023-2024,248,JAMMU AND KASHMIR,Samba,2727.03
2023-2024,249,JAMMU AND KASHMIR,Shopian,1026.36
2023-2024,250,JAMMU AND KASHMIR,Srinagar,6947.93
2023-2024,251,JAMMU AND KASHMIR,Srinagar Hilly Area,
2023-2024,252,JAMMU AND KASHMIR,Udhampur,2356.22
2023-2024,253,JHARKHAND,BOKARO,8836.03
2023-2024,254,JHARKHAND,CHATRA,9274.93
2023-2024,255,JHARKHAND,DEOGHAR,8418.04
2023-2024,256,JHARKHAND,DHANBAD,18937.83
2023-2024,257,JHARKHAND,DUMKA,6227.25
2023-2024,258,JHARKHAND,EAST SINGHBHUM,7614.49
2023-2024,259,JHARKHAND,GARHWA,9921.05
2023-2024,260,JHARKHAND,GIRIDIH,15152.91
2023-2024,261,JHARKHAND,GODDA,4550.41
2023-2024,262,JHARKHAND,GUMLA,5603.44
2023-2024,263,JHARKHAND,HAZARIBAGH,11645.93
2023-2024,264,JHARKHAND,JAMTARA,3773.71
2023-2024,265,JHARKHAND,KHUNTI,3391.01
2023-2024,266,JHARKHAND,KODERMA,4081.75
2023-2024,267,JHARKHAND,LATEHAR,6566.2
2023-2024,268,JHARKHAND,LOHARDAGA,2716.28
2023-2024,269,JHARKHAND,PAKUR,3465.89
2023-2024,270,JHARKHAND,PALAMAU,10975.84
2023-2024,271,JHARKHAND,RAMGARH,6355.02
2023-2024,272,JHARKHAND,RANCHI,17126.13
2023-2024,273,JHARKHAND,SAHEBGANJ,4447.33
2023-2024,274,JHARKHAND,SARAIKELA KHARSAWAN,3727.05
2023-2024,275,JHARKHAND,SIMDEGA,3148.74
2023-2024,276,JHARKHAND,WEST SINGHBHUM,4921.27
2023-2024,277,KARNATAKA,Bagalkot,49649.63
2023-2024,278,KARNATAKA,Ballari,16500.68
2023-2024,279,KARNATAKA,Belagavi,78095.88
2023-2024,280,KARNATAKA,Bengaluru (Rural),23164.46
2023-2024,281,KARNATAKA,Bengaluru (Urban),53332.51
2023-2024,282,KARNATAKA,Bengaluru South,42286.6
2023-2024,283,KARNATAKA,Bidar,20394.95
2023-2024,284,KARNATAKA,Chamarajanagara,32793.77
2023-2024,285,KARNATAKA,Chikkaballapura,50221.99
2023-2024,286,KARNATAKA,Chikkamagaluru,33809.68
2023-2024,287,KARNATAKA,Chitradurga,51798.27
2023-2024,288,KARNATAKA,Dakshina Kannada,29852.52
2023-2024,289,KARNATAKA,Davanagere,50229.48
2023-2024,290,KARNATAKA,Dharwad,16127.94
2023-2024,291,KARNATAKA,Gadag,24299.19
2023-2024,292,KARNATAKA,Hassan,50316.17
2023-2024,293,KARNATAKA,Haveri,36400.31
2023-2024,294,KARNATAKA,Kalburgi,28176.45
2023-2024,295,KARNATAKA,Kodagu,7794.32
2023-2024,296,KARNATAKA,Kolara,71709.3
2023-2024,297,KARNATAKA,Koppal,37216.5
2023-2024,298,KARNATAKA,Mandya,41485.24
2023-2024,299,KARNATAKA,Mysuru,31959.81
2023-2024,300,KARNATAKA,Raichur,33819.44
2023-2024,301,KARNATAKA,Shivamogga,40827.72
2023-2024,302,KARNATAKA,Tumakuru,69300.46
2023-2024,303,KARNATAKA,Udupi,16071.36
2023-2024,304,KARNATAKA,Uttara Kannada,26608.93
2023-2024,305,KARNATAKA,Vijayanagara,31814.78
2023-2024,306,KARNATAKA,Vijayapura,39030.21
2023-2024,307,KARNATAKA,Yadgir,20282.24
2023-2024,308,KERALA,ALAPPUZHA,14257.91
2023-2024,309,KERALA,ERNAKULAM,23401.37
2023-2024,310,KERALA,IDUKKI,10126.96
2023-2024,311,KERALA,KANNUR,20182.31
2023-2024,312,KERALA,KASARGOD,23139.78
2023-2024,313,KERALA,KOLLAM,16963.06
2023-2024,314,KERALA,KOTTAYAM,13808.85
2023-2024,315,KERALA,KOZHIKKODE,19480.57
2023-2024,316,KERALA,MALAPPURAM,34811.41
2023-2024,317,KERALA,PALAKKAD,34305.25
2023-2024,318,KERALA,PATHANAMTHITTA,7649.73
2023-2024,319,KERALA,THIRUVANANTHAPURAM,17684.3
2023-2024,320,KERALA,THRISSUR,34472.21
2023-2024,321,KERALA,WAYANAD,5604.11
2023-2024,322,LADAKH,KARGIL,479.72
2023-2024,323,LADAKH,LEH,1397.16
2023-2024,324,LAKSHDWEEP,AMINI,70.27
2023-2024,325,LAKSHDWEEP,ANDROTH,85.67
2023-2024,326,LAKSHDWEEP,KAVARATTI,100.8
2023-2024,327,LAKSHDWEEP,KILTAN,36.13
2023-2024,328,LAKSHDWEEP,MINICOY,56.92
2023-2024,329,MADHYA PRADESH,AGAR MALWA,37316.95
2023-2024,330,MADHYA PRADESH,ALIRAJPUR,9120.99
2023-2024,331,MADHYA PRADESH,ANUPPUR,7121.24
2023-2024,332,MADHYA PRADESH,ASHOKNAGAR,23133.45
2023-2024,333,MADHYA PRADESH,BALAGHAT,16746.73
2023-2024,334,MADHYA PRADESH,BARWANI,37324.82
2023-2024,335,MADHYA PRADESH,BETUL,48769.53
2023-2024,336,MADHYA PRADESH,BHIND,29422.96
2023-2024,337,MADHYA PRADESH,BHOPAL,29776.53
2023-2024,338,MADHYA PRADESH,BURHANPUR,24564.09
2023-2024,339,MADHYA PRADESH,CHHATARPUR,53773.06
2023-2024,340,MADHYA PRADESH,CHHINDWARA,62932.85
2023-2024,341,MADHYA PRADESH,DAMOH,21983.32
2023-2024,342,MADHYA PRADESH,DATIA,17065.49
2023-2024,343,MADHYA PRADESH,DEWAS,65914.28
2023-2024,344,MADHYA PRADESH,DHAR,86470.19
2023-2024,345,MADHYA PRADESH,DINDORI,4284.61
2023-2024,346,MADHYA PRADESH,GUNA,54827.81
2023-2024,347,MADHYA PRADESH,GWALIOR,25832.14
2023-2024,348,MADHYA PRADESH,HARDA,16320.27
2023-2024,349,MADHYA PRADESH,HOSHANGABAD,44759.7
2023-2024,350,MADHYA PRADESH,INDORE,64580.35
2023-2024,351,MADHYA PRADESH,JABALPUR,32584.75
2023-2024,352,MADHYA PRADESH,JHABUA,10959
2023-2024,353,MADHYA PRADESH,KATNI,18734.47
2023-2024,354,MADHYA PRADESH,KHANDWA,45302.1
2023-2024,355,MADHYA PRADESH,KHARGONE,42562.7
2023-2024,356,MADHYA PRADESH,MANDLA,9951.18
2023-2024,357,MADHYA PRADESH,MANDSAUR,67072.34
2023-2024,358,MADHYA PRADESH,MORENA,28935.1
2023-2024,359,MADHYA PRADESH,NARSINGHPUR,78440.93
2023-2024,360,MADHYA PRADESH,NEEMUCH,37760.5
2023-2024,361,MADHYA PRADESH,NIWARI,12888.07
2023-2024,362,MADHYA PRADESH,PANNA,18936.85
2023-2024,363,MADHYA PRADESH,RAISEN,47455.51
2023-2024,364,MADHYA PRADESH,RAJGARH,79340.82
2023-2024,365,MADHYA PRADESH,RATLAM,105732.16
2023-2024,366,MADHYA PRADESH,REWA,28176.64
2023-2024,367,MADHYA PRADESH,SAGAR,61105.44
2023-2024,368,MADHYA PRADESH,SATNA,47589.17
2023-2024,369,MADHYA PRADESH,SEHORE,42500.94
2023-2024,370,MADHYA PRADESH,SEONI,29479.52
2023-2024,371,MADHYA PRADESH,SHAHDOL,7451.7
2023-2024,372,MADHYA PRADESH,SHAJAPUR,55988.06
2023-2024,373,MADHYA PRADESH,SHEOPUR,19667.14
2023-2024,374,MADHYA PRADESH,SHIVPURI,55271.56
2023-2024,375,MADHYA PRADESH,SIDHI,10891.78
2023-2024,376,MADHYA PRADESH,SINGRAULI,13966.08
2023-2024,377,MADHYA PRADESH,TIKAMGARH,30396.84
2023-2024,378,MADHYA PRADESH,UJJAIN,99867.52
2023-2024,379,MADHYA PRADESH,UMARIA,6752.84
2023-2024,380,MADHYA PRADESH,VIDISHA,57220.31
2023-2024,381,MAHARASHTRA,Ahmednagar,121592.73
2023-2024,382,MAHARASHTRA,Akola,24753.19237
2023-2024,383,MAHARASHTRA,Amravati,67103.44118
2023-2024,384,MAHARASHTRA,Aurangabad,72814.94
2023-2024,385,MAHARASHTRA,Beed,73383.42
2023-2024,386,MAHARASHTRA,Bhandara,26287.78053
2023-2024,387,MAHARASHTRA,Buldhana,64604.36192
2023-2024,388,MAHARASHTRA,Chandrapur,32802.59
2023-2024,389,MAHARASHTRA,Dhule,35720.96
2023-2024,390,MAHARASHTRA,Gadchiroli,26596.32747
2023-2024,391,MAHARASHTRA,Gondia,16529.7
2023-2024,392,MAHARASHTRA,Hingoli,38448.77
2023-2024,393,MAHARASHTRA,Jalgaon,106450.16
2023-2024,394,MAHARASHTRA,Jalna,41953.19
2023-2024,395,MAHARASHTRA,Kolhapur,54318.42
2023-2024,396,MAHARASHTRA,Latur,35972.88
2023-2024,397,MAHARASHTRA,Mumbai,680.14
2023-2024,398,MAHARASHTRA,Mumbai Sub,1869.91
2023-2024,399,MAHARASHTRA,Nagpur,46466.69474
2023-2024,400,MAHARASHTRA,Nanded,38252.33
2023-2024,401,MAHARASHTRA,Nandurbar,20489.20378
2023-2024,402,MAHARASHTRA,Nashik,109442.36
2023-2024,403,MAHARASHTRA,Osmanabad,50589.39
2023-2024,404,MAHARASHTRA,Palghar,4990.2
2023-2024,405,MAHARASHTRA,Parbhani,38162.49
2023-2024,406,MAHARASHTRA,Pune,126071.834
2023-2024,407,MAHARASHTRA,Raigad,6210.69
2023-2024,408,MAHARASHTRA,Ratnagiri,6934.64
2023-2024,409,MAHARASHTRA,Sangli,70488.09421
2023-2024,410,MAHARASHTRA,Satara,65504.91
2023-2024,411,MAHARASHTRA,Sindhudurg,9652.54
2023-2024,412,MAHARASHTRA,Solapur,107754.16
2023-2024,413,MAHARASHTRA,Thane,3137.24
2023-2024,414,MAHARASHTRA,Wardha,42567.91
2023-2024,415,MAHARASHTRA,Washim,34228.39
2023-2024,416,MAHARASHTRA,Yawatmal,45000.38
2023-2024,417,MANIPUR,BISHNUPUR,611.87
2023-2024,418,MANIPUR,CHANDEL,
2023-2024,419,MANIPUR,CHURACHANPUR,461.14
2023-2024,420,MANIPUR,IMPHAL EAST,1085.39
2023-2024,421,MANIPUR,IMPHAL WEST,865.36
2023-2024,422,MANIPUR,SENAPATI,
2023-2024,423,MANIPUR,TAMENGLONG,
2023-2024,424,MANIPUR,THOUBAL,703.2
2023-2024,425,MANIPUR,UKHRUL,
2023-2024,426,MEGHALAYA,EAST GARO HILLS,339.06
2023-2024,427,MEGHALAYA,EAST JAINTIA HILLS,190.47
2023-2024,428,MEGHALAYA,EAST KHASI HILLS,651.38
2023-2024,429,MEGHALAYA,NORTH GARO HILLS,409.37
2023-2024,430,MEGHALAYA,RI BHOI,337.16
2023-2024,431,MEGHALAYA,SOUTH GARO HILLS,251.54
2023-2024,432,MEGHALAYA,SOUTH WEST GARO HILLS,763.99
2023-2024,433,MEGHALAYA,SOUTH WEST KHASI HILLS,135.17
2023-2024,434,MEGHALAYA,WEST GARO HILLS,2920.73
2023-2024,435,MEGHALAYA,WEST JAINTIA HILLS,593.45
2023-2024,436,MEGHALAYA,WEST KHASI HILLS,453.13
2023-2024,437,MIZORAM,AIZAWL,196.94
2023-2024,438,MIZORAM,CHAMPHAI,43.99
2023-2024,439,MIZORAM,KOLASIB,31.02
2023-2024,440,MIZORAM,LAWNGTLAI,101.85
2023-2024,441,MIZORAM,LUNGLEI,189.46
2023-2024,442,MIZORAM,MAMIT,100.28
2023-2024,443,MIZORAM,SAIHA,39.81
2023-2024,444,MIZORAM,SERCHHIP,47.51
2023-2024,445,NAGALAND,Dimapur,1548.56
2023-2024,446,NAGALAND,Kiphire,9.66
2023-2024,447,NAGALAND,Kohima,212.56
2023-2024,448,NAGALAND,Longleng,8.66
2023-2024,449,NAGALAND,Mokokchung,146.25
2023-2024,450,NAGALAND,Mon,151.1
2023-2024,451,NAGALAND,Peren,261.57
2023-2024,452,NAGALAND,Phek,37.33
2023-2024,453,NAGALAND,Tuensang,43.99
2023-2024,454,NAGALAND,Wokha,173.82
2023-2024,455,NAGALAND,Zunheboto,58.89
2023-2024,456,ODISHA,ANGUL,29762.39
2023-2024,457,ODISHA,BALASORE,78466.53
2023-2024,458,ODISHA,BARGARH,34131.07
2023-2024,459,ODISHA,BHADRAK,36492.83
2023-2024,460,ODISHA,BOLANGIR,29446.18
2023-2024,461,ODISHA,BOUDH,11200.59
2023-2024,462,ODISHA,CUTTACK,32463.06
2023-2024,463,ODISHA,DEOGARH,17648.31
2023-2024,464,ODISHA,DHENKANAL,17393.13
2023-2024,465,ODISHA,GAJAPATI,7278.99
2023-2024,466,ODISHA,GANJAM,42022.25
2023-2024,467,ODISHA,JAGATSINGHPUR,29315.01
2023-2024,468,ODISHA,JAJPUR,35523.02
2023-2024,469,ODISHA,JHARSUGUDA,9998.47
2023-2024,470,ODISHA,KALAHANDI,27880.42
2023-2024,471,ODISHA,KANDHAMAL,11104.11
2023-2024,472,ODISHA,KENDRAPARA,15647.3
2023-2024,473,ODISHA,KEONJHAR,38739.14
2023-2024,474,ODISHA,KHURDA,26999.57
2023-2024,475,ODISHA,KORAPUT,13431.59
2023-2024,476,ODISHA,MALKANGIRI,6813.88
2023-2024,477,ODISHA,MAYURBHANJ,62400.98
2023-2024,478,ODISHA,NABARANGAPUR,21239.51
2023-2024,479,ODISHA,NAYAGARH,17034.78
2023-2024,480,ODISHA,NUAPADA,19846.86
2023-2024,481,ODISHA,PURI,33873.65
2023-2024,482,ODISHA,RAYAGADA,11734.37
2023-2024,483,ODISHA,SAMBALPUR,21040.59
2023-2024,484,ODISHA,SUBARNAPUR,13383.52
2023-2024,485,ODISHA,SUNDARGARH,37757.09
2023-2024,486,PUDUCHERRY,KARAIKAL,1480.1
2023-2024,487,PUDUCHERRY,PUDUCHERRY,11689.14
2023-2024,488,PUNJAB,Amritsar,237200.12
2023-2024,489,PUNJAB,Barnala,111521.14
2023-2024,490,PUNJAB,Bathinda,122278.06
2023-2024,491,PUNJAB,Faridkot,90770.15
2023-2024,492,PUNJAB,Fatehgarh Sahib,72236.72
2023-2024,493,PUNJAB,Fazilka,95726.02
2023-2024,494,PUNJAB,Firozpur,175215
2023-2024,495,PUNJAB,Gurdaspur,208114.46
2023-2024,496,PUNJAB,Hoshiarpur,94792.59
2023-2024,497,PUNJAB,Jalandhar,190146.38
2023-2024,498,PUNJAB,Kapurthala,151281.48
2023-2024,499,PUNJAB,Ludhiana,313193.61
2023-2024,500,PUNJAB,Malerkotla,58790.8
2023-2024,501,PUNJAB,Mansa,90573.96
2023-2024,502,PUNJAB,Moga,174545.04
2023-2024,503,PUNJAB,Muktsar,50785.38
2023-2024,504,PUNJAB,Pathankot,22584.21
2023-2024,505,PUNJAB,Patiala,178825.22
2023-2024,506,PUNJAB,Rupnagar,37990.56
2023-2024,507,PUNJAB,SAS Nagar,27720.09
2023-2024,508,PUNJAB,SBS Nagar,60770.97
2023-2024,509,PUNJAB,Sangrur,199484.52
2023-2024,510,PUNJAB,Tarn Taran,131448.19
2023-2024,511,RAJASTHAN,AJMER,47260.39
2023-2024,512,RAJASTHAN,ALWAR,133514.47
2023-2024,513,RAJASTHAN,BANSWARA,14427.91
2023-2024,514,RAJASTHAN,BARAN,78185.13
2023-2024,515,RAJASTHAN,BARMER,53963.21
2023-2024,516,RAJASTHAN,BHARATPUR,55295.22
2023-2024,517,RAJASTHAN,BHILWARA,64080.52
2023-2024,518,RAJASTHAN,BIKANER,39118.34
2023-2024,519,RAJASTHAN,BUNDI,32154.62
2023-2024,520,RAJASTHAN,CHITTAURGARH,50539.49
2023-2024,521,RAJASTHAN,CHURU,19657.07
2023-2024,522,RAJASTHAN,DAUSA,59063.15
2023-2024,523,RAJASTHAN,DHAULPUR,35353
2023-2024,524,RAJASTHAN,DUNGARPUR,12503.76
2023-2024,525,RAJASTHAN,GANGANAGAR,34280.15
2023-2024,526,RAJASTHAN,HANUMANGARH,48199.05
2023-2024,527,RAJASTHAN,JAIPUR,150366
2023-2024,528,RAJASTHAN,JAISALMER,38465.46
2023-2024,529,RAJASTHAN,JALOR,82871.99
2023-2024,530,RAJASTHAN,JHALAWAR,57682.42
2023-2024,531,RAJASTHAN,JHUNJHUNU,49257.25
2023-2024,532,RAJASTHAN,JODHPUR,97625.92
2023-2024,533,RAJASTHAN,KARAULI,49062.38
2023-2024,534,RAJASTHAN,KOTA,51425.78
2023-2024,535,RAJASTHAN,NAGAUR,109970.44
2023-2024,536,RAJASTHAN,PALI,52520.54
2023-2024,537,RAJASTHAN,PRATAPGARH,26985.55
2023-2024,538,RAJASTHAN,RAJSAMAND,13318.93
2023-2024,539,RAJASTHAN,SAWAI MADHOPUR,64951.03
2023-2024,540,RAJASTHAN,SIKAR,65929.3
2023-2024,541,RAJASTHAN,SIROHI,32931.45
2023-2024,542,RAJASTHAN,TONK,41243.62
2023-2024,543,RAJASTHAN,UDAIPUR,30170.56
2023-2024,544,SIKKIM,Gangtok,408.17
2023-2024,545,SIKKIM,Gyalsingh,237.31
2023-2024,546,SIKKIM,Mangan,104.86
2023-2024,547,SIKKIM,Namchi,213.28
2023-2024,548,SIKKIM,Pakyong,219.65
2023-2024,549,SIKKIM,Soreng,89.8
2023-2024,550,TAMILNADU,ARIYALUR,17926.61
2023-2024,551,TAMILNADU,CHENGALPATTU,38638.2
2023-2024,552,TAMILNADU,CHENNAI,11609.99
2023-2024,553,TAMILNADU,COIMBATORE,47180.46
2023-2024,554,TAMILNADU,CUDDALORE,65583.44
2023-2024,555,TAMILNADU,DHARMAPURI,41074.89
2023-2024,556,TAMILNADU,DINDIGUL,62174.95
2023-2024,557,TAMILNADU,ERODE,54124.99
2023-2024,558,TAMILNADU,KALLAKURICHCHI,50907.82
2023-2024,559,TAMILNADU,KANCHEEPURAM,25835.83
2023-2024,560,TAMILNADU,KANNIYAKUMARI,4940.63
2023-2024,561,TAMILNADU,KARUR,29831.63
2023-2024,562,TAMILNADU,KRISHNAGIRI,42081.02
2023-2024,563,TAMILNADU,MADURAI,49119.7
2023-2024,564,TAMILNADU,MAYILADUTHURAI,51113.21
2023-2024,565,TAMILNADU,NAGAPATTINAM,0
2023-2024,566,TAMILNADU,NAMAKKAL,60918.67
2023-2024,567,TAMILNADU,PERAMBALUR,25062.87
2023-2024,568,TAMILNADU,PUDUKKOTTAI,44400.21
2023-2024,569,TAMILNADU,RAMANATHAPURAM,5386.09
2023-2024,570,TAMILNADU,RANIPET,22927.83
2023-2024,571,TAMILNADU,SALEM,69990.28
2023-2024,572,TAMILNADU,SIVAGANGAI,17582.53
2023-2024,573,TAMILNADU,TENKASI,40164.38
2023-2024,574,TAMILNADU,THANJAVUR,95117.13
2023-2024,575,TAMILNADU,THE NILGIRIS,902.35
2023-2024,576,TAMILNADU,THENI,21636.12
2023-2024,577,TAMILNADU,THIRUVARUR,14338.38
2023-2024,578,TAMILNADU,THOOTHUKUDI,21614.22
2023-2024,579,TAMILNADU,TIRUCHIRAPPALLI,52991.3
2023-2024,580,TAMILNADU,TIRUNELVELI,32748.55
2023-2024,581,TAMILNADU,TIRUPATHUR,12575.96
2023-2024,582,TAMILNADU,TIRUPPUR,46783.04
2023-2024,583,TAMILNADU,TIRUVALLUR,43485.25
2023-2024,584,TAMILNADU,TIRUVANNAMALAI,91275.12
2023-2024,585,TAMILNADU,VELLORE,18629.72
2023-2024,586,TAMILNADU,VILLUPURAM,81585.1
2023-2024,587,TAMILNADU,VIRUDHUNAGAR,41700.76
2023-2024,588,TELANGANA,Adilabad,19730.57
2023-2024,589,TELANGANA,Bhadradri Kothagudem,31286.78
2023-2024,590,TELANGANA,Hanumakonda,28780.47
2023-2024,591,TELANGANA,Hyderabad,5966.86
2023-2024,592,TELANGANA,Jagtial,20637.1
2023-2024,593,TELANGANA,Jangaon,19973.76
2023-2024,594,TELANGANA,Jayashankar Bhupalapally,17198.46
2023-2024,595,TELANGANA,Jogulamba Gadwal,12390.25
2023-2024,596,TELANGANA,Kamareddy,32342.83
2023-2024,597,TELANGANA,Karimnagar,24690.39
2023-2024,598,TELANGANA,Khammam,42533.94
2023-2024,599,TELANGANA,Komarambheem Asifabad,9510.71
2023-2024,600,TELANGANA,Mahabubabad,30433.93
2023-2024,601,TELANGANA,Mahabubnagar,22248.79
2023-2024,602,TELANGANA,Mancherial,24489.77
2023-2024,603,TELANGANA,Medak,27892.03
2023-2024,604,TELANGANA,Medchal Malkajgiri,6786.33
2023-2024,605,TELANGANA,Mulug,12617.57
2023-2024,606,TELANGANA,Nagarkurnool,31822.88
2023-2024,607,TELANGANA,Nalgonda,57243.08
2023-2024,608,TELANGANA,Narayanpet,11277.72
2023-2024,609,TELANGANA,Nirmal,23282.66
2023-2024,610,TELANGANA,Nizamabad,52714.5
2023-2024,611,TELANGANA,Peddapalle,20310.98
2023-2024,612,TELANGANA,Rajanna Siricilla,28409.15
2023-2024,613,TELANGANA,Rangareddy,34673.61
2023-2024,614,TELANGANA,Sangareddy,19407.9
2023-2024,615,TELANGANA,Siddipet,40816.57
2023-2024,616,TELANGANA,Suryapet,20896.07
2023-2024,617,TELANGANA,Vikarabad,19945.65
2023-2024,618,TELANGANA,Wanaparthy,23445.71
2023-2024,619,TELANGANA,Warangal,25234.71
2023-2024,620,TELANGANA,Yadadri Bhuvanagiri,47658.08
2023-2024,621,TRIPURA,DHALAI,1091.58
2023-2024,622,TRIPURA,GOMATI,1068.73
2023-2024,623,TRIPURA,KHOWAI,1012.37
2023-2024,624,TRIPURA,NORTH TRIPURA,1049.36
2023-2024,625,TRIPURA,SEPAHIJALA,1791.41
2023-2024,626,TRIPURA,SOUTH TRIPURA,1256.96
2023-2024,627,TRIPURA,UNAKOTI,691.44
2023-2024,628,TRIPURA,WEST TRIPURA,3224.07
2023-2024,629,UTTAR PRADESH,AGRA,94444.82
2023-2024,630,UTTAR PRADESH,ALIGARH,73007.68
2023-2024,631,UTTAR PRADESH,AMBEDKAR NAGAR,45553.36
2023-2024,632,UTTAR PRADESH,AMETHI,53262.78
2023-2024,633,UTTAR PRADESH,AMROHA,48240.68
2023-2024,634,UTTAR PRADESH,AURAIYA,38181.42
2023-2024,635,UTTAR PRADESH,AYODHYA,53415.97
2023-2024,636,UTTAR PRADESH,AZAMGARH,75508.28
2023-2024,637,UTTAR PRADESH,BAGPAT,31407.67
2023-2024,638,UTTAR PRADESH,BAHRAICH,82599.43
2023-2024,639,UTTAR PRADESH,BALLIA,53641.2
2023-2024,640,UTTAR PRADESH,BALRAMPUR,52254.34
2023-2024,641,UTTAR PRADESH,BANDA,43989.34
2023-2024,642,UTTAR PRADESH,BARABANKI,118465.32
2023-2024,643,UTTAR PRADESH,BAREILLY,82765.54
2023-2024,644,UTTAR PRADESH,BASTI,49332.24
2023-2024,645,UTTAR PRADESH,BIJNOR,95093.68
2023-2024,646,UTTAR PRADESH,BUDAUN,63190.67
2023-2024,647,UTTAR PRADESH,BULANDSHAHAR,138101.49
2023-2024,648,UTTAR PRADESH,CHANDAULI,29578.38
2023-2024,649,UTTAR PRADESH,CHITRAKOOT,33169.49
2023-2024,650,UTTAR PRADESH,DEORIA,83718.23
2023-2024,651,UTTAR PRADESH,ETAH,56961.95
2023-2024,652,UTTAR PRADESH,ETAWAH,33923.72
2023-2024,653,UTTAR PRADESH,FARRUKHABAD,32368.91
2023-2024,654,UTTAR PRADESH,FATEHPUR,80046.23
2023-2024,655,UTTAR PRADESH,FIROZABAD,76814.75
2023-2024,656,UTTAR PRADESH,G.B.NAGAR,47817.71
2023-2024,657,UTTAR PRADESH,GHAZIABAD,47805.78
2023-2024,658,UTTAR PRADESH,GHAZIPUR,56303.52
2023-2024,659,UTTAR PRADESH,GONDA,69238.73
2023-2024,660,UTTAR PRADESH,GORAKHPUR,101424.58
2023-2024,661,UTTAR PRADESH,HAMIRPUR,27837.36
2023-2024,662,UTTAR PRADESH,HAPUR,44644.87
2023-2024,663,UTTAR PRADESH,HARDOI,98959.74
2023-2024,664,UTTAR PRADESH,HATHRAS,61473.69
2023-2024,665,UTTAR PRADESH,JALAUN,52259.64
2023-2024,666,UTTAR PRADESH,JAUNPUR,83626.02
2023-2024,667,UTTAR PRADESH,JHANSI,44072.24
2023-2024,668,UTTAR PRADESH,KANNAUJ,42762.27
2023-2024,669,UTTAR PRADESH,KANPUR DEHAT,52529.82
2023-2024,670,UTTAR PRADESH,KANPUR NAGAR,63283.47
2023-2024,671,UTTAR PRADESH,KASGANJ,46651.27
2023-2024,672,UTTAR PRADESH,KAUSHAMBI,37079.46
2023-2024,673,UTTAR PRADESH,KUSHI NAGAR,81590.32
2023-2024,674,UTTAR PRADESH,LAKHIMPUR KHERI,130415.51
2023-2024,675,UTTAR PRADESH,LALITPUR,30579.47
2023-2024,676,UTTAR PRADESH,LUCKNOW,50944.91
2023-2024,677,UTTAR PRADESH,MAHOBA,25578.91
2023-2024,678,UTTAR PRADESH,MAHRAJGANJ,66356.32
2023-2024,679,UTTAR PRADESH,MAINPURI,63375.29
2023-2024,680,UTTAR PRADESH,MATHURA,92299.91
2023-2024,681,UTTAR PRADESH,MAUNATH BHANJAN,30258.11
2023-2024,682,UTTAR PRADESH,MEERUT,59761.67
2023-2024,683,UTTAR PRADESH,MIRZAPUR,35265.93
2023-2024,684,UTTAR PRADESH,MORADABAD,54661.6
2023-2024,685,UTTAR PRADESH,MUZAFFARNAGAR,79593.85
2023-2024,686,UTTAR PRADESH,PILIBHIT,67650.39
2023-2024,687,UTTAR PRADESH,PRATAPGARH,99523.08
2023-2024,688,UTTAR PRADESH,PRAYAGRAJ,93790.05
2023-2024,689,UTTAR PRADESH,RAIBARELI,65843.32
2023-2024,690,UTTAR PRADESH,RAMPUR,53147.53
2023-2024,691,UTTAR PRADESH,SAHARANPUR,132755.4
2023-2024,692,UTTAR PRADESH,SAMBHAL,38185.44
2023-2024,693,UTTAR PRADESH,SANT KABIR NAGAR,29277.72
2023-2024,694,UTTAR PRADESH,SANT RAVIDAS NAGAR,62897.17
2023-2024,695,UTTAR PRADESH,SHAHJAHANPUR,79844.05
2023-2024,696,UTTAR PRADESH,SHAMLI,44275.77
2023-2024,697,UTTAR PRADESH,SHRAWASTI,30016.08
2023-2024,698,UTTAR PRADESH,SIDDHARTH NAGAR,56683.74
2023-2024,699,UTTAR PRADESH,SITAPUR,107842.54
2023-2024,700,UTTAR PRADESH,SONBHADRA,26334.41
2023-2024,701,UTTAR PRADESH,SULTANPUR,52412.36
2023-2024,702,UTTAR PRADESH,UNNAO,97211.53
2023-2024,703,UTTAR PRADESH,VARANASI,41171.74
2023-2024,704,UTTARAKHAND,DEHRADUN,20402.3
2023-2024,705,UTTARAKHAND,HARIDWAR,28488.89
2023-2024,706,UTTARAKHAND,NAINITAL,14064.33
2023-2024,707,UTTARAKHAND,UDHAMSINGH NAGAR,42192.13
2023-2024,708,WEST BENGAL,ALIPURDUAR,12948.7
2023-2024,709,WEST BENGAL,BANKURA,59335.32
2023-2024,710,WEST BENGAL,BIRBHUM,34355.33
2023-2024,711,WEST BENGAL,DAKSHIN DINAJPUR,62207.17
2023-2024,712,WEST BENGAL,DARJILING,6365.91
2023-2024,713,WEST BENGAL,HAORA,4270.39
2023-2024,714,WEST BENGAL,HUGLI,63518.09
2023-2024,715,WEST BENGAL,JALPAIGURI,20590.78
2023-2024,716,WEST BENGAL,JHARGRAM,23313.88
2023-2024,717,WEST BENGAL,KALIMPONG,64.87
2023-2024,718,WEST BENGAL,KOCH BIHAR,86083.77
2023-2024,719,WEST BENGAL,KOLKATTA,0
2023-2024,720,WEST BENGAL,MALDA,38415.99
2023-2024,721,WEST BENGAL,MURSHIDABAD,109525
2023-2024,722,WEST BENGAL,NADIA,147179.61
2023-2024,723,WEST BENGAL,NORTH 24 PARGANAS,99208.11
2023-2024,724,WEST BENGAL,PASCHIM BARDDHAMAN,11231.89
2023-2024,725,WEST BENGAL,PASCHIM MEDINIPUR,116287.92
2023-2024,726,WEST BENGAL,PURBA BARDDHAMAN,96391.73
2023-2024,727,WEST BENGAL,PURBA MEDINIPUR,21969.68
2023-2024,728,WEST BENGAL,PURULIYA,9367.75
2023-2024,729,WEST BENGAL,SOUTH 24 PARGANAS,0
2023-2024,730,WEST BENGAL,UTTAR DINAJPUR,52401.58
,,,,25202419.28
