Year,S.No,STATE,DISTRICT,RR_Tot
2024-25,1,ANDAMAN AND NICOBAR ISLANDS,N & M ANDAMAN,3015.7
2024-25,2,ANDAMAN AND NICOBAR ISLANDS,NICOBAR,2805.2
2024-25,3,ANDAMAN AND NICOBAR ISLANDS,SOUTH ANDAMAN,3015.7
2024-25,4,ARUNACHAL PRADESH,ANJAW,0
2024-25,5,ARUNACHAL PRADESH,CHANGLANG,2222.9
2024-25,6,ARUNACHAL PRADESH,DIBANG VALLEY,0
2024-25,7,ARUNACHAL PRADESH,EAST KAMENG,2026.3
2024-25,8,ARUNACHAL PRADESH,EAST SIANG,4398.6
2024-25,9,ARUNACHAL PRADESH,KURUNG KUMEY,0
2024-25,10,ARUNACHAL PRADESH,LOHIT,2998.2
2024-25,11,ARUNACHAL PRADESH,LOWER DIBANG VALLEY,3996.1
2024-25,12,ARUNACHAL PRADESH,LOWER SUBANSIRI,1444.4
2024-25,13,ARUNACHAL PRADESH,PAPUM PARE,3199.6
2024-25,14,ARUNACHAL PRADESH,TAWANG,0
2024-25,15,ARUNACHAL PRADESH,TIRAP,2907.3
2024-25,16,ARUNACHAL PRADESH,UPPER SIANG,0
2024-25,17,ARUNACHAL PRADESH,UPPER SUBANSIRI,1735.4
2024-25,18,ARUNACHAL PRADESH,WEST KAMENG,2388.7
2024-25,19,ARUNACHAL PRADESH,WEST SIANG,2891.9
2024-25,20,ASSAM,BAKSA,3274.6
2024-25,21,ASSAM,BARPETA,2051.5
2024-25,22,ASSAM,BONGAIGAON,3102.4
2024-25,23,ASSAM,CACHAR,3311.9
2024-25,24,ASSAM,CHIRANG,3218.7
2024-25,25,ASSAM,DARRANG,1951.2
2024-25,26,ASSAM,DHEMAJI,2859.3
2024-25,27,ASSAM,DHUBRI,2752.8
2024-25,28,ASSAM,DIBRUGARH,2649.4
2024-25,29,ASSAM,DIMA HASAO,2791.8
2024-25,30,ASSAM,GOALPARA,2583.2
2024-25,31,ASSAM,GOLAGHAT,1751.7
2024-25,32,ASSAM,HAILAKANDI,2838.3
2024-25,33,ASSAM,JORHAT,2265.3
2024-25,34,ASSAM,KAMRUP,1896.2
2024-25,35,ASSAM,KAMRUP (M),1813.4
2024-25,36,ASSAM,KARBI ANGLONG,1122.2
2024-25,37,ASSAM,KARIMGANJ,3751
2024-25,38,ASSAM,KOKRAJHAR,3102.4
2024-25,39,ASSAM,LAKHIMPUR,3270.3
2024-25,40,ASSAM,MORIGAON,1884.8
2024-25,41,ASSAM,NAGAON,1884.8
2024-25,42,ASSAM,NALBARI,1896.2
2024-25,43,ASSAM,SIBSAGAR,2412.4
2024-25,44,ASSAM,SONITPUR,1978.7
2024-25,45,ASSAM,TINSUKIA,2322.6
2024-25,46,ASSAM,UDALGURI,1957.8
2024-25,47,BIHAR,ARARIA,1632.2
2024-25,48,BIHAR,ARWAL,874.4
2024-25,49,BIHAR,AURANGABAD,974.9
2024-25,50,BIHAR,BANKA,974.9
2024-25,51,BIHAR,BEGUSARAI,1090.7
2024-25,52,BIHAR,BHAGALPUR,1207.9
2024-25,53,BIHAR,BHOJPUR,1051.5
2024-25,54,BIHAR,BUXAR,975.4
2024-25,55,BIHAR,DARBHANGA,1123.6
2024-25,56,BIHAR,EAST CHAMPARAN,1197.7
2024-25,57,BIHAR,GAYA,1003.9
2024-25,58,BIHAR,GOPALGANJ,1135.5
2024-25,59,BIHAR,JAMUI,1107.3
2024-25,60,BIHAR,JEHANABAD,936.6
2024-25,61,BIHAR,KAIMUR,1126.3
2024-25,62,BIHAR,KATIHAR,1342.7
2024-25,63,BIHAR,KHAGARIA,1233.9
2024-25,64,BIHAR,KISHANGANJ,2090.6
2024-25,65,BIHAR,LAKHISARAI,1146.8
2024-25,66,BIHAR,MADHEPURA,1392.7
2024-25,67,BIHAR,MADHUBANI,1293.3
2024-25,68,BIHAR,MUNGER,1146.8
2024-25,69,BIHAR,MUZAFFARPUR,1154.5
2024-25,70,BIHAR,NALANDA,1002.2
2024-25,71,BIHAR,NAWADA,1041.8
2024-25,72,BIHAR,PATNA,1074.8
2024-25,73,BIHAR,PURNEA,1598.2
2024-25,74,BIHAR,ROHTAS,949.1
2024-25,75,BIHAR,SAHARSA,1692.9
2024-25,76,BIHAR,SAMASTIPUR,1192.3
2024-25,77,BIHAR,SARAN,1123.8
2024-25,78,BIHAR,SHEIKHPURA,1008.4
2024-25,79,BIHAR,SHEOHAR,1293.1
2024-25,80,BIHAR,SITAMARHI,1293.1
2024-25,81,BIHAR,SIWAN,1135.4
2024-25,82,BIHAR,SUPAUL,1273.8
2024-25,83,BIHAR,VAISHALI,1176.5
2024-25,84,BIHAR,WEST CHAMPARAN,1472
2024-25,85,CHANDIGARH,CHANDIGARH,1009.8
2024-25,86,CHHATTISGARH,BALOD,1122.9
2024-25,87,CHHATTISGARH,BALODA BAZAR,1396.682687
2024-25,88,CHHATTISGARH,BALRAMPUR,1317
2024-25,89,CHHATTISGARH,BASTAR,1362.6
2024-25,90,CHHATTISGARH,BEMETARA,1122.9
2024-25,91,CHHATTISGARH,BIJAPUR,1528.1
2024-25,92,CHHATTISGARH,BILASPUR,1114.455127
2024-25,93,CHHATTISGARH,DANTEWADA,1327.9
2024-25,94,CHHATTISGARH,DHAMTARI,1385.3
2024-25,95,CHHATTISGARH,DURG,1122.9
2024-25,96,CHHATTISGARH,GARIABAND,1385.3
2024-25,97,CHHATTISGARH,GOURELA-PENDRA-MARWAHI,1229.8
2024-25,98,CHHATTISGARH,JANJGIR-CHAMPA,1386
2024-25,99,CHHATTISGARH,JASHPUR,1482.740078
2024-25,100,CHHATTISGARH,KABIRDHAM,1117
2024-25,101,CHHATTISGARH,KANKER,1397.505747
2024-25,102,CHHATTISGARH,KHAIRAGARH-CHHUIKHADAN_GANDAI,1208.7
2024-25,103,CHHATTISGARH,KONDAGAON,1362.4
2024-25,104,CHHATTISGARH,KORBA,1392
2024-25,105,CHHATTISGARH,KOREA,1317
2024-25,106,CHHATTISGARH,MAHASAMUND,1406.241921
2024-25,107,CHHATTISGARH,MANENDRAGARH-CHIRMIRI_BHARATPUR,1317
2024-25,108,CHHATTISGARH,MOHLA-MANPUR_AMBAGARHCHOWKI,1208.7
2024-25,109,CHHATTISGARH,MUNGELI,1351
2024-25,110,CHHATTISGARH,NARAYANPUR,1404.1
2024-25,111,CHHATTISGARH,RAIGARH,1466
2024-25,112,CHHATTISGARH,RAIPUR,1376.335196
2024-25,113,CHHATTISGARH,RAJNANDGAON,1208.7
2024-25,114,CHHATTISGARH,SAKTI,1386
2024-25,115,CHHATTISGARH,SARANGARH-BILAIRAGH,1418.408702
2024-25,116,CHHATTISGARH,SUKMA,1403.846659
2024-25,117,CHHATTISGARH,SURAJPUR,1241.805208
2024-25,118,CHHATTISGARH,SURGUJA,1369.15459
2024-25,119,DADRA AND NAGAR HAVELI,DADRA NAGAR HAVELI,2265.7
2024-25,120,DAMAN AND DIU,DAMAN,2194.781382
2024-25,121,DAMAN AND DIU,DIU,848.237
2024-25,122,DELHI,CENTRAL,652
2024-25,123,DELHI,EAST,652
2024-25,124,DELHI,NAZUL LAND,652
2024-25,125,DELHI,NEW DELHI,652
2024-25,126,DELHI,NORTH,652
2024-25,127,DELHI,NORTH EAST,652
2024-25,128,DELHI,NORTH WEST,652
2024-25,129,DELHI,SHAHDARA,652
2024-25,130,DELHI,SOUTH,652
2024-25,131,DELHI,SOUTH EAST,652
2024-25,132,DELHI,SOUTH WEST,652
2024-25,133,DELHI,WEST,652
2024-25,134,GOA,GOA NORTH,3354.447551
2024-25,135,GOA,SOUTH GOA,3355.934867
2024-25,136,GUJARAT,AHMEDABAD,700.6612739
2024-25,137,GUJARAT,AMRELI,735.3287155
2024-25,138,GUJARAT,ANAND,859.2947437
2024-25,139,GUJARAT,ARVALLI,900.7735205
2024-25,140,GUJARAT,BANASKANTHA,686.1250139
2024-25,141,GUJARAT,BHARUCH,805.1483122
2024-25,142,GUJARAT,BHAVNAGAR,690.74222
2024-25,143,GUJARAT,BOTAD,713.7112832
2024-25,144,GUJARAT,CHHOTA UDEPUR,1118.576161
2024-25,145,GUJARAT,DAHOD,724.1545318
2024-25,146,GUJARAT,DANG,2388.385835
2024-25,147,GUJARAT,DEVBHUMI DWARKA,919.2956464
2024-25,148,GUJARAT,GANDHINAGAR,794.8286972
2024-25,149,GUJARAT,GIR SOMNATH,1107.900254
2024-25,150,GUJARAT,JAMNAGAR,808.2899847
2024-25,151,GUJARAT,JUNAGADH,1181.572135
2024-25,152,GUJARAT,KACHCHH,560.3503823
2024-25,153,GUJARAT,KHEDA,859.3040285
2024-25,154,GUJARAT,MAHESANA,760.2099149
2024-25,155,GUJARAT,MAHISAGAR,751.5878414
2024-25,156,GUJARAT,MORBI,626.0317954
2024-25,157,GUJARAT,NARMADA,1122.704494
2024-25,158,GUJARAT,NAVSARI,1894.641127
2024-25,159,GUJARAT,PANCHMAHAL,912.0972932
2024-25,160,GUJARAT,PATAN,627.4700859
2024-25,161,GUJARAT,PORBANDAR,843.6287272
2024-25,162,GUJARAT,RAJKOT,809.3926023
2024-25,163,GUJARAT,RANA AND KUTCH,0
2024-25,164,GUJARAT,SABARKANTHA,919.2909245
2024-25,165,GUJARAT,SURAT,1551.187984
2024-25,166,GUJARAT,SURENDRANAGAR,606.8768026
2024-25,167,GUJARAT,TAPI,1484.274087
2024-25,168,GUJARAT,VADODARA,897.5771421
2024-25,169,GUJARAT,VALSAD,2487.498486
2024-25,170,HARYANA,AMBALA,1065.561512
2024-25,171,HARYANA,BHIWANI,346.8699711
2024-25,172,HARYANA,CHARKHI DADRI,425.2986393
2024-25,173,HARYANA,FARIDABAD,601.5438396
2024-25,174,HARYANA,FATEHABAD,297.5850129
2024-25,175,HARYANA,GURGAON,559.4903869
2024-25,176,HARYANA,HISAR,475.5713898
2024-25,177,HARYANA,JHAJJAR,464.1504363
2024-25,178,HARYANA,JIND,395.7532156
2024-25,179,HARYANA,KAITHAL,483.5500244
2024-25,180,HARYANA,KARNAL,649.347543
2024-25,181,HARYANA,KURUKSHETRA,624.24
2024-25,182,HARYANA,MAHENDRAGARH,332.9152713
2024-25,183,HARYANA,MEWAT,434.9760124
2024-25,184,HARYANA,PALWAL,441.5911528
2024-25,185,HARYANA,PANCHKULA,1379
2024-25,186,HARYANA,PANIPAT,478.9108773
2024-25,187,HARYANA,REWARI,541.9099833
2024-25,188,HARYANA,ROHTAK,445.591332
2024-25,189,HARYANA,SIRSA,283.6553849
2024-25,190,HARYANA,SONIPAT,451.8355599
2024-25,191,HARYANA,YAMUNA NAGAR,901
2024-25,192,HIMACHAL PRADESH,BALH VALLEY,1506.9
2024-25,193,HIMACHAL PRADESH,CHAUNTRA VALLEY,1506.9
2024-25,194,HIMACHAL PRADESH,DHARAMSHALA PALAMPUR VALLEY,2019.8
2024-25,195,HIMACHAL PRADESH,HUM VALLEY,1110.7
2024-25,196,HIMACHAL PRADESH,KALA AMB VALLEY,1618.3
2024-25,197,HIMACHAL PRADESH,NALAGARH VALLEY,1366.2
2024-25,198,HIMACHAL PRADESH,NURPUR & INDAURA vALLEY,2019.8
2024-25,199,HIMACHAL PRADESH,POANTA VALLEY,1618.3
2024-25,200,HIMACHAL PRADESH,UNA VALLEY BEAS CATCHMENT,1110.7
2024-25,201,HIMACHAL PRADESH,UNA VALLEY SUTLEJ CATCHMENT,1110.7
2024-25,202,JAMMU AND KASHMIR,Anantnag,967.4
2024-25,203,JAMMU AND KASHMIR,Bandipora,774.1
2024-25,204,JAMMU AND KASHMIR,Baramulla,920.9
2024-25,205,JAMMU AND KASHMIR,Barmulla,0
2024-25,206,JAMMU AND KASHMIR,Budgam,717.1
2024-25,207,JAMMU AND KASHMIR,Doda,1268.7
2024-25,208,JAMMU AND KASHMIR,Ganderbal,914.4
2024-25,209,JAMMU AND KASHMIR,Jammu,1361.2
2024-25,210,JAMMU AND KASHMIR,Kathua,1871.7
2024-25,211,JAMMU AND KASHMIR,Kishtwar,1268.7
2024-25,212,JAMMU AND KASHMIR,Kulgam,1228.1
2024-25,213,JAMMU AND KASHMIR,Kupwara,0
2024-25,214,JAMMU AND KASHMIR,Kupwarar,1057.1
2024-25,215,JAMMU AND KASHMIR,Mirpur,0
2024-25,216,JAMMU AND KASHMIR,Muzaffarabad,0
2024-25,217,JAMMU AND KASHMIR,Poonch,1337
2024-25,218,JAMMU AND KASHMIR,Pulwama,578.7
2024-25,219,JAMMU AND KASHMIR,Rajouri,1188.4
2024-25,220,JAMMU AND KASHMIR,Ramban,1468.4
2024-25,221,JAMMU AND KASHMIR,Reasi,2189
2024-25,222,JAMMU AND KASHMIR,Samba,1043.5
2024-25,223,JAMMU AND KASHMIR,Shopian,806.9
2024-25,224,JAMMU AND KASHMIR,Srinagar,815.7
2024-25,225,JAMMU AND KASHMIR,Srinagar Hilly Area,0
2024-25,226,JAMMU AND KASHMIR,Udhampur,1632.2
2024-25,227,JHARKHAND,BOKARO,1208.836429
2024-25,228,JHARKHAND,CHATRA,1148.250338
2024-25,229,JHARKHAND,DEOGHAR,1309.023138
2024-25,230,JHARKHAND,DHANBAD,1388.32658
2024-25,231,JHARKHAND,DUMKA,1422.650558
2024-25,232,JHARKHAND,EAST SINGHBHUM,1438.363456
2024-25,233,JHARKHAND,GARHWA,1088.730183
2024-25,234,JHARKHAND,GIRIDIH,1241.591959
2024-25,235,JHARKHAND,GODDA,1180.230079
2024-25,236,JHARKHAND,GUMLA,1369.147975
2024-25,237,JHARKHAND,HAZARIBAGH,1338.257173
2024-25,238,JHARKHAND,JAMTARA,1443.8
2024-25,239,JHARKHAND,KHUNTI,1409.237583
2024-25,240,JHARKHAND,KODERMA,1129.6
2024-25,241,JHARKHAND,LATEHAR,1279.458996
2024-25,242,JHARKHAND,LOHARDAGA,1238.588307
2024-25,243,JHARKHAND,PAKUR,1660.183402
2024-25,244,JHARKHAND,PALAMAU,1023.893979
2024-25,245,JHARKHAND,RAMGARH,1307.764512
2024-25,246,JHARKHAND,RANCHI,1314.06182
2024-25,247,JHARKHAND,SAHEBGANJ,1564.24582
2024-25,248,JHARKHAND,SARAIKELA KHARSAWAN,1322.673271
2024-25,249,JHARKHAND,SIMDEGA,1547.738071
2024-25,250,JHARKHAND,WEST SINGHBHUM,1329.251869
2024-25,251,KARNATAKA,Bagalkot,661.1480703
2024-25,252,KARNATAKA,Ballari,628.6901886
2024-25,253,KARNATAKA,Belagavi,845.0106314
2024-25,254,KARNATAKA,Bengaluru (Rural),849.7455008
2024-25,255,KARNATAKA,Bengaluru (Urban),889.0650792
2024-25,256,KARNATAKA,Bengaluru South,886.3150253
2024-25,257,KARNATAKA,Bidar,850.2268161
2024-25,258,KARNATAKA,Chamarajanagara,1105.271028
2024-25,259,KARNATAKA,Chikkaballapura,919.2245447
2024-25,260,KARNATAKA,Chikkamagaluru,1244.697423
2024-25,261,KARNATAKA,Chitradurga,569.3475195
2024-25,262,KARNATAKA,Dakshina Kannada,4031.798258
2024-25,263,KARNATAKA,Davanagere,732.5659672
2024-25,264,KARNATAKA,Dharwad,770.6776164
2024-25,265,KARNATAKA,Gadag,710.9034352
2024-25,266,KARNATAKA,Hassan,933.4236798
2024-25,267,KARNATAKA,Haveri,823.7200912
2024-25,268,KARNATAKA,Kalburgi,837.5752589
2024-25,269,KARNATAKA,Kodagu,2215.343047
2024-25,270,KARNATAKA,Kolara,822.021437
2024-25,271,KARNATAKA,Koppal,627.3684135
2024-25,272,KARNATAKA,Mandya,733.2386906
2024-25,273,KARNATAKA,Mysuru,811.4970007
2024-25,274,KARNATAKA,Raichur,580.4605081
2024-25,275,KARNATAKA,Shivamogga,1916.373898
2024-25,276,KARNATAKA,Tumakuru,745.3500172
2024-25,277,KARNATAKA,Udupi,4419.644794
2024-25,278,KARNATAKA,Uttara Kannada,2600.682383
2024-25,279,KARNATAKA,Vijayanagara,649.7528268
2024-25,280,KARNATAKA,Vijayapura,612.6782934
2024-25,281,KARNATAKA,Yadgir,837.3738943
2024-25,282,KERALA,ALAPPUZHA,2688.5
2024-25,283,KERALA,ERNAKULAM,3146.2
2024-25,284,KERALA,IDUKKI,2921.576551
2024-25,285,KERALA,KANNUR,3277
2024-25,286,KERALA,KASARGOD,3453
2024-25,287,KERALA,KOLLAM,2361
2024-25,288,KERALA,KOTTAYAM,2925.577159
2024-25,289,KERALA,KOZHIKKODE,3364.4
2024-25,290,KERALA,MALAPPURAM,2726.2
2024-25,291,KERALA,PALAKKAD,2182.7
2024-25,292,KERALA,PATHANAMTHITTA,2776.4
2024-25,293,KERALA,THIRUVANANTHAPURAM,1818.94
2024-25,294,KERALA,THRISSUR,2965.9
2024-25,295,KERALA,WAYANAD,3060.4
2024-25,296,LADAKH,KARGIL,89.3
2024-25,297,LADAKH,LEH,62.4
2024-25,298,LAKSHDWEEP,AMINI,1805.54
2024-25,299,LAKSHDWEEP,ANDROTH,1805.54
2024-25,300,LAKSHDWEEP,KAVARATTI,1805.54
2024-25,301,LAKSHDWEEP,KILTAN,1805.54
2024-25,302,LAKSHDWEEP,MINICOY,1968
2024-25,303,MAHARASHTRA,Ahmednagar,
2024-25,304,MAHARASHTRA,Akola,782.0432955
2024-25,305,MAHARASHTRA,Amravati,
2024-25,306,MAHARASHTRA,Aurangabad,
2024-25,307,MAHARASHTRA,Beed,695.7767745
2024-25,308,MAHARASHTRA,Bhandara,1449.946222
2024-25,309,MAHARASHTRA,Buldhana,
2024-25,310,MAHARASHTRA,Chandrapur,
2024-25,311,MAHARASHTRA,Dhule,643.3594095
2024-25,312,MAHARASHTRA,Gadchiroli,1375.974717
2024-25,313,MAHARASHTRA,Gondia,1495.166803
2024-25,314,MAHARASHTRA,Hingoli,966.5113652
2024-25,315,MAHARASHTRA,Jalgaon,687.2485994
2024-25,316,MAHARASHTRA,Jalna,860.2486953
2024-25,317,MAHARASHTRA,Kolhapur,1674.096066
2024-25,318,MAHARASHTRA,Latur,725.7379032
2024-25,319,MAHARASHTRA,Mumbai,2205
2024-25,320,MAHARASHTRA,Mumbai Sub,2141.851063
2024-25,321,MAHARASHTRA,Nagpur,1164.944188
2024-25,322,MAHARASHTRA,Nanded,1023.687735
2024-25,323,MAHARASHTRA,Nandurbar,927.3780407
2024-25,324,MAHARASHTRA,Nashik,981.9201248
2024-25,325,MAHARASHTRA,Osmanabad,
2024-25,326,MAHARASHTRA,Palghar,2503.646578
2024-25,327,MAHARASHTRA,Parbhani,872.0134062
2024-25,328,MAHARASHTRA,Pune,682.7860237
2024-25,329,MAHARASHTRA,Raigad,2961.77658
2024-25,330,MAHARASHTRA,Ratnagiri,3473.188527
2024-25,331,MAHARASHTRA,Sangli,653.9239503
2024-25,332,MAHARASHTRA,Satara,1199.697793
2024-25,333,MAHARASHTRA,Sindhudurg,3464.800734
2024-25,334,MAHARASHTRA,Solapur,663.5489594
2024-25,335,MAHARASHTRA,Thane,2526.544593
2024-25,336,MAHARASHTRA,Wardha,957.3157277
2024-25,337,MAHARASHTRA,Washim,911.1626367
2024-25,338,MAHARASHTRA,Yawatmal,1008.840298
2024-25,339,MANIPUR,BISHNUPUR,1987.59
2024-25,340,MANIPUR,CHANDEL,0
2024-25,341,MANIPUR,CHURACHANPUR,2133.46
2024-25,342,MANIPUR,IMPHAL EAST,1717.14
2024-25,343,MANIPUR,IMPHAL WEST,1709.92
2024-25,344,MANIPUR,SENAPATI,0
2024-25,345,MANIPUR,TAMENGLONG,0
2024-25,346,MANIPUR,THOUBAL,1276.78
2024-25,347,MANIPUR,UKHRUL,0
2024-25,348,MEGHALAYA,EAST GARO HILLS,2975
2024-25,349,MEGHALAYA,EAST JAINTIA HILLS,2320
2024-25,350,MEGHALAYA,EAST KHASI HILLS,4032
2024-25,351,MEGHALAYA,NORTH GARO HILLS,2803
2024-25,352,MEGHALAYA,RI BHOI,2030
2024-25,353,MEGHALAYA,SOUTH GARO HILLS,4210
2024-25,354,MEGHALAYA,SOUTH WEST GARO HILLS,1634
2024-25,355,MEGHALAYA,SOUTH WEST KHASI HILLS,3918
2024-25,356,MEGHALAYA,WEST GARO HILLS,2678
2024-25,357,MEGHALAYA,WEST JAINTIA HILLS,2320
2024-25,358,MEGHALAYA,WEST KHASI HILLS,4062
2024-25,359,MIZORAM,AIZAWL,2204.458084
2024-25,360,MIZORAM,CHAMPHAI,1728
2024-25,361,MIZORAM,KOLASIB,2205
2024-25,362,MIZORAM,LAWNGTLAI,2022
2024-25,363,MIZORAM,LUNGLEI,2092
2024-25,364,MIZORAM,MAMIT,2242
2024-25,365,MIZORAM,SAIHA,2262
2024-25,366,MIZORAM,SERCHHIP,1747
2024-25,367,NAGALAND,Dimapur,1744.96
2024-25,368,NAGALAND,Kiphire,1074.1
2024-25,369,NAGALAND,Kohima,1779.3
2024-25,370,NAGALAND,Longleng,1879.5
2024-25,371,NAGALAND,Mokokchung,2080.4
2024-25,372,NAGALAND,Mon,1469.1
2024-25,373,NAGALAND,Peren,1394.2
2024-25,374,NAGALAND,Phek,1295.1
2024-25,375,NAGALAND,Tuensang,2079.5
2024-25,376,NAGALAND,Wokha,2166.76
2024-25,377,NAGALAND,Zunheboto,2080.4
2024-25,378,PUDUCHERRY,KARAIKAL,779.9402484
2024-25,379,PUDUCHERRY,PUDUCHERRY,1481.121118
2024-25,380,PUNJAB,Amritsar,646.2683642
2024-25,381,PUNJAB,Barnala,517.9651227
2024-25,382,PUNJAB,Bathinda,377.9346608
2024-25,383,PUNJAB,Faridkot,398.9716527
2024-25,384,PUNJAB,Fatehgarh Sahib,685.099137
2024-25,385,PUNJAB,Fazilka,369.0737679
2024-25,386,PUNJAB,Firozpur,428.6978127
2024-25,387,PUNJAB,Gurdaspur,819.7245864
2024-25,388,PUNJAB,Hoshiarpur,840.1326828
2024-25,389,PUNJAB,Jalandhar,625.0923083
2024-25,390,PUNJAB,Kapurthala,620.4522855
2024-25,391,PUNJAB,Ludhiana,581.0825405
2024-25,392,PUNJAB,Malerkotla,570.2195924
2024-25,393,PUNJAB,Mansa,404.5459463
2024-25,394,PUNJAB,Moga,454.2517481
2024-25,395,PUNJAB,Muktsar,394.3653788
2024-25,396,PUNJAB,Pathankot,1156.972407
2024-25,397,PUNJAB,Patiala,657.551816
2024-25,398,PUNJAB,Rupnagar,839.7394536
2024-25,399,PUNJAB,SAS Nagar,743.4811388
2024-25,400,PUNJAB,SBS Nagar,761.2923762
2024-25,401,PUNJAB,Sangrur,495.8245357
2024-25,402,PUNJAB,Tarn Taran,544.8536812
2024-25,403,RAJASTHAN,AJMER,534.3819868
2024-25,404,RAJASTHAN,ALWAR,671.0036176
2024-25,405,RAJASTHAN,BANSWARA,956.58793
2024-25,406,RAJASTHAN,BARAN,935.3609135
2024-25,407,RAJASTHAN,BARMER,329.1790072
2024-25,408,RAJASTHAN,BHARATPUR,662.0964769
2024-25,409,RAJASTHAN,BHILWARA,657.644594
2024-25,410,RAJASTHAN,BIKANER,338.225014
2024-25,411,RAJASTHAN,BUNDI,723.4116751
2024-25,412,RAJASTHAN,CHITTAURGARH,807.8072278
2024-25,413,RAJASTHAN,CHURU,213.2884655
2024-25,414,RAJASTHAN,DAUSA,676.2126367
2024-25,415,RAJASTHAN,DHAULPUR,720.5930711
2024-25,416,RAJASTHAN,DUNGARPUR,779.3050767
2024-25,417,RAJASTHAN,GANGANAGAR,251.1545538
2024-25,418,RAJASTHAN,HANUMANGARH,322.1659384
2024-25,419,RAJASTHAN,JAIPUR,610.1377968
2024-25,420,RAJASTHAN,JAISALMER,212.5682147
2024-25,421,RAJASTHAN,JALOR,477.7566407
2024-25,422,RAJASTHAN,JHALAWAR,979.0747075
2024-25,423,RAJASTHAN,JHUNJHUNU,506.8930627
2024-25,424,RAJASTHAN,JODHPUR,329.5923803
2024-25,425,RAJASTHAN,KARAULI,715.617358
2024-25,426,RAJASTHAN,KOTA,827.3490255
2024-25,427,RAJASTHAN,NAGAUR,443.1728887
2024-25,428,RAJASTHAN,PALI,550.4375314
2024-25,429,RAJASTHAN,PRATAPGARH,1039.382584
2024-25,430,RAJASTHAN,RAJSAMAND,643.9142753
2024-25,431,RAJASTHAN,SAWAI MADHOPUR,777.2227195
2024-25,432,RAJASTHAN,SIKAR,520.5243548
2024-25,433,RAJASTHAN,SIROHI,669.2859949
2024-25,434,RAJASTHAN,TONK,632.6509034
2024-25,435,RAJASTHAN,UDAIPUR,724.6912551
2024-25,436,SIKKIM,Gangtok,2756.4
2024-25,437,SIKKIM,Gyalsingh,2041.7
2024-25,438,SIKKIM,Mangan,2738.8
2024-25,439,SIKKIM,Namchi,2203.5
2024-25,440,SIKKIM,Pakyong,2756.4
2024-25,441,SIKKIM,Soreng,2041.7
2024-25,442,TAMILNADU,ARIYALUR,987.7355669
2024-25,443,TAMILNADU,CHENGALPATTU,1274.167655
2024-25,444,TAMILNADU,CHENNAI,1453.243761
2024-25,445,TAMILNADU,COIMBATORE,971.5734576
2024-25,446,TAMILNADU,CUDDALORE,1273.373289
2024-25,447,TAMILNADU,DHARMAPURI,868.7838763
2024-25,448,TAMILNADU,DINDIGUL,853.8109958
2024-25,449,TAMILNADU,ERODE,713.3333069
2024-25,450,TAMILNADU,KALLAKURICHCHI,1048.499072
2024-25,451,TAMILNADU,KANCHEEPURAM,1245.061175
2024-25,452,TAMILNADU,KANNIYAKUMARI,1292.669683
2024-25,453,TAMILNADU,KARUR,644.6027242
2024-25,454,TAMILNADU,KRISHNAGIRI,792.9798626
2024-25,455,TAMILNADU,MADURAI,866.5378429
2024-25,456,TAMILNADU,MAYILADUTHURAI,1327.383818
2024-25,457,TAMILNADU,NAGAPATTINAM,1363.186424
2024-25,458,TAMILNADU,NAMAKKAL,706.7318921
2024-25,459,TAMILNADU,PERAMBALUR,893.5638325
2024-25,460,TAMILNADU,PUDUKKOTTAI,835.3903716
2024-25,461,TAMILNADU,RAMANATHAPURAM,770.6524325
2024-25,462,TAMILNADU,RANIPET,1040.427015
2024-25,463,TAMILNADU,SALEM,883.3774102
2024-25,464,TAMILNADU,SIVAGANGAI,885.4756728
2024-25,465,TAMILNADU,TENKASI,811.3871263
2024-25,466,TAMILNADU,THANJAVUR,1033.32719
2024-25,467,TAMILNADU,THE NILGIRIS,1801.776605
2024-25,468,TAMILNADU,THENI,760.1229493
2024-25,469,TAMILNADU,THIRUVARUR,1210.434613
2024-25,470,TAMILNADU,THOOTHUKUDI,620.6298923
2024-25,471,TAMILNADU,TIRUCHIRAPPALLI,751.4777238
2024-25,472,TAMILNADU,TIRUNELVELI,965.075819
2024-25,473,TAMILNADU,TIRUPATHUR,801.2768963
2024-25,474,TAMILNADU,TIRUPPUR,632.2723162
2024-25,475,TAMILNADU,TIRUVALLUR,1237.586149
2024-25,476,TAMILNADU,TIRUVANNAMALAI,1073.219585
2024-25,477,TAMILNADU,VELLORE,970.5973003
2024-25,478,TAMILNADU,VILLUPURAM,1042.845547
2024-25,479,TAMILNADU,VIRUDHUNAGAR,777.86383
2024-25,480,TELANGANA,Adilabad,1267.499022
2024-25,481,TELANGANA,Bhadradri Kothagudem,1188.204332
2024-25,482,TELANGANA,Hanumakonda,989.3211425
2024-25,483,TELANGANA,Hyderabad,828.1035855
2024-25,484,TELANGANA,Jagtial,1014.259533
2024-25,485,TELANGANA,Jangaon,893.5572718
2024-25,486,TELANGANA,Jayashankar Bhupalapally,1066.595014
2024-25,487,TELANGANA,Jogulamba Gadwal,578.0184468
2024-25,488,TELANGANA,Kamareddy,999.8641521
2024-25,489,TELANGANA,Karimnagar,905.1293557
2024-25,490,TELANGANA,Khammam,1036.619516
2024-25,491,TELANGANA,Komarambheem Asifabad,1135.341805
2024-25,492,TELANGANA,Mahabubabad,1548.242743
2024-25,493,TELANGANA,Mahabubnagar,649.2625075
2024-25,494,TELANGANA,Mancherial,1045.600764
2024-25,495,TELANGANA,Medak,840.9390293
2024-25,496,TELANGANA,Medchal Malkajgiri,767.7000626
2024-25,497,TELANGANA,Mulug,1375.012753
2024-25,498,TELANGANA,Nagarkurnool,663.0348434
2024-25,499,TELANGANA,Nalgonda,697.3402602
2024-25,500,TELANGANA,Narayanpet,610.3486814
2024-25,501,TELANGANA,Nirmal,1054.7127
2024-25,502,TELANGANA,Nizamabad,978.8923357
2024-25,503,TELANGANA,Peddapalle,1013.56021
2024-25,504,TELANGANA,Rajanna Siricilla,887.7439302
2024-25,505,TELANGANA,Rangareddy,713.0175808
2024-25,506,TELANGANA,Sangareddy,862.5172449
2024-25,507,TELANGANA,Siddipet,772.6139151
2024-25,508,TELANGANA,Suryapet,779.7376295
2024-25,509,TELANGANA,Vikarabad,744.42333
2024-25,510,TELANGANA,Wanaparthy,631.9502014
2024-25,511,TELANGANA,Warangal,1013.523206
2024-25,512,TELANGANA,Yadadri Bhuvanagiri,744.4710561
2024-25,513,TRIPURA,DHALAI,2424.326659
2024-25,514,TRIPURA,GOMATI,2174.788366
2024-25,515,TRIPURA,KHOWAI,2223.919186
2024-25,516,TRIPURA,NORTH TRIPURA,2541.071288
2024-25,517,TRIPURA,SEPAHIJALA,2035.588801
2024-25,518,TRIPURA,SOUTH TRIPURA,2449.440455
2024-25,519,TRIPURA,UNAKOTI,2391.53412
2024-25,520,TRIPURA,WEST TRIPURA,2046.30423
2024-25,521,UTTARAKHAND,DEHRADUN,2183.6
2024-25,522,UTTARAKHAND,HARIDWAR,1020
2024-25,523,UTTARAKHAND,NAINITAL,1711
2024-25,524,UTTARAKHAND,UDHAMSINGH NAGAR,1465.3
2024-25,525,WEST BENGAL,ALIPURDUAR,3468.3
2024-25,526,WEST BENGAL,BANKURA,1330.9
2024-25,527,WEST BENGAL,BIRBHUM,1392.8
2024-25,528,WEST BENGAL,DAKSHIN DINAJPUR,1584.9
2024-25,529,WEST BENGAL,DARJILING,3118.5
2024-25,530,WEST BENGAL,HAORA,1600
2024-25,531,WEST BENGAL,HUGLI,1476.1
2024-25,532,WEST BENGAL,JALPAIGURI,3468.3
2024-25,533,WEST BENGAL,JHARGRAM,1535.5
2024-25,534,WEST BENGAL,KALIMPONG,3118.5
2024-25,535,WEST BENGAL,KOCH BIHAR,3284.1
2024-25,536,WEST BENGAL,KOLKATTA,1623.6
2024-25,537,WEST BENGAL,MALDA,1449.7
2024-25,538,WEST BENGAL,MURSHIDABAD,1433.2
2024-25,539,WEST BENGAL,NADIA,1443.8
2024-25,540,WEST BENGAL,NORTH 24 PARGANAS,1623.6
2024-25,541,WEST BENGAL,PASCHIM BARDDHAMAN,1348.2
2024-25,542,WEST BENGAL,PASCHIM MEDINIPUR,1535.5
2024-25,543,WEST BENGAL,PURBA BARDDHAMAN,1348.2
2024-25,544,WEST BENGAL,PURBA MEDINIPUR,1669.6
2024-25,545,WEST BENGAL,PURULIYA,1363.3
2024-25,546,WEST BENGAL,SOUTH 24 PARGANAS,1623.6
2024-25,547,WEST BENGAL,UTTAR DINAJPUR,1922.3
2024-25,,,,1070.74392
